,text,emoji label,emoji std,emoji-less label,emoji-less std
0,記錄之前棚拍幕後花絮還沒發完大概還要再發三篇☺️,1,1.890710473060608,2,1.680933117866516
1,💗泰泰💗新款上架一如既往超極推薦材質超棒有型又好看舒適哪裡找得到🔥🔥大家記得截圖來詢問喔❤️❤️歡迎敲我們👇🏻👇🏻👇🏻🅰️官荒疑難雜症詢問處🅰️專屬📍店址📍台北市信義區永吉路巷弄號,1,2.684772729873657,2,1.039340257644653
2,🔥🔥兩款一樣價錢😇😇店主推介👍直播重溫🎥👇自助快捷網站下單👇戒指手鏈免費改尺寸一次鑽石包順豐速遞荔枝角寫字樓自取付款方式轉數快銀行入數南非鑽石輕奢侈珠寶鑽石製造商批發各大零售商店批發價真金真鑽網購珠寶批發,1,2.9434583187103267,3,2.0776071548461914
3,特別的緣份把大家聚在一起💗,3,2.041357517242432,2,1.2644661664962769
4,♥️鵝子想睡覺在鬧脾氣我老公問他你的小劇場演完了嗎我忍不住笑了🤣老公平時很無聊但他有很幽默的一面夫妻夫妻日常一家三口老公,1,1.9758130311965945,3,1.9187160730361936
5,💙我們兩個大概就是一個願打一個願挨😘,3,2.5010969638824463,2,1.3300598859786987
6,希望善良的人總會在某一得到命運的饋贈晚安🌃,3,1.3301820755004885,1,1.284300684928894
7,紅紋黎喇❤️❤️❤️自己見到都想一條🥺❤️大細都有🤩超高值👍🏻紅紋石功效開發心輪對心肺胸腺功能有幫助解憂鬱助密運喚醒人們心中對愛的需求增加招來愛情的機會可以增進異性緣治療因失戀帶來的痛苦失落抑鬱有助於吸引好朋友接近和招來愛情可以帶來更包容寬恕的心態價錢歡迎查詢順豐到付暫不提供郵寄服務不便之處敬請原諒🙏🏻購物前請留意天然水晶礦石難免會有礦痕冰裂紋雲霧色帶或礦缺等之呈現均屬正常並非為瑕疵品這些並不會影響天然水晶的靈性與功能惟追求完美者請再三考慮後再下單🙏🏻水晶每一個都是獨一無二的他們的大小紋路顏色都會略有不同請您慎重考慮✴️我們的商品都是以實物拍攝上傳但由於拍攝角度技巧或螢幕顯色程度不一若有色差和大小視差均以實物為準門市地址元朗擊壤路號喜利商場樓鋪香港水晶水晶水晶店能量水晶能量治療水晶療癒塔羅天使卡占卜招財愛情健康事業水晶手鏈水晶耳環水晶手串,1,2.434075832366944,3,2.720574378967285
8,❤️我美麗的小公主遇見她真正的王子了要幸福呦🥰🥰🥰再生個小小公主讓我抱😚,1,2.7207605838775635,3,1.2612441778182983
9,特價❤️最後一🟥🔺🔶🟧🔸🟡🟨🟩🟢🔹🔷🟦🟣🟪📲查詢下單🛍️🟧到門市太子聯合廣場-🌈網購滿包順豐😘👉🏻圖查詢便可🤗多種入數方式支付寶戶口🟪🟨記得搶先看🇰🇷🎥記得留意每星期直播🥰韓國女裝,1,2.8143978118896484,2,1.321834921836853
10,太美了啦😍😍😍小麥膚色搭配灰棕色系眉毛好好抗喔❤️❤️❤️嘉霧眉預約嘉義霧眉盈盈老師作品補色,3,2.728026390075684,1,3.036566734313965
11,❤️🐌蝸牛頭,1,2.6084721088409424,2,1.3353887796401978
12,今晚♥️,1,1.4058135747909546,2,1.063634753227234
13,讓你變美是我最重要的事不管外在內在認真對待您的每一刻夢芙美甲美睫熱蠟除毛紋繡身體搶先預約這一秒愛自己開始🌹▪️預約諮詢請用▪️記得加美學概念店竹北美甲新竹美甲美睫手足護理指甲矯正竹北熱蠟熱蠟除毛紋繡新客優惠溫熱捲翹睫毛身體海神敷體肩足之旅優惠活動停車補助周年慶,1,2.4842729568481445,3,2.1752667427062997
14,台灣超能深層去漬凝膠自助下單支支或以上支✂️截單日月日📦到貨日約月尾相信家裡有小朋友👶的媽媽都有一樣的煩惱‼️就是小孩常常把自己搞得很髒👾👾👾不管是吃個飯還是玩個玩具出遊玩都能把自己弄得髒兮兮的😓而結果就是媽媽永遠有洗不完物品等輕鬆打擊髒污去除污漬不傷害衣物👕👔🌿濃縮植物凝膠配方🌿安心不傷手不殘留更不會有討厭漂白水刺鼻味洗完潔淨如新🙌溫合配方天然不傷手給你最安心的好產品❤️軟毛🚿刷頭刷去頑固污漬細小範圍也逃不過快速擠出凝膠短時間深入纖維分解污漬✅海鹽添加萃取天然精華海鹼有效去除汙漬打擊頑強汙垢✅溫和配方天然不傷手非化學洗劑無經皮毒之慮✅溶垢力強易溶於水自然分解無二次殘留有效分解髒汙與油脂✅環保無毒不含壬基酚不汙染大地規格產地台灣保存期限年保存方式請放置於陰涼乾燥處避免陽光直射避免兒童取玩落單👇🏻‼️成功付款後才視為已下單‼️❌已成功付款及已確認的訂單不能取消或更改🙇🏻‍♂️（下單時麻煩請再三確認！感激）🙇🏻‍♀️❌萬一貨品缺貨會全額退款，其他原因都不接受退款喔🙅🏻‍♀️🙅🏻‍♂️❌,3,2.4973886013031006,1,1.8359566926956177
15,一顆壺鈴就可以訓練你的臀部跟著影片中的教練一起做試試看在健身房拿起壺鈴訓練持之以恆就能練出完美翹臀唷🧡免費預約體驗👉🧡官方網站👉🧡成功塑身見證精彩影片集請看這裡👉🧡成功塑身見證精選相簿大集合請看這裡👉已經幫助超過人成功塑身減脂值得您的信賴極度塑身營養師對教練飲食減重,1,1.3579306602478027,2,1.264461874961853
16,彰化燙髮❌女孩最愛的內灣㊗️當月壽星可打折🎂💇🏻‍♀️設計師▫️預約可加☎️🏡彰化市民族路巷號🔅禮拜一公休🤝人才招募中彰化美髮彰化美髮推薦彰化燙髮彰化染髮三管波波燙彰化美甲,3,2.729126453399658,1,2.0377087593078613
17,😈🌂🦄☂️🎆🔮💟就是沒想到我們居然有點默契的都穿了我愛的紫色然後想跟我比雙下巴喔門兒都沒有哈哈哈哈哈哈,1,1.7635071277618408,2,1.7180131673812866
18,🔥日本🇯🇵玩具積木廠商新貨到🔥寶可夢系列積木款式噴火龍水箭龜超夢材質塑膠🌟預購價款共三款款式皮卡丘小火龍傑尼龜妙蛙種子伊布可達鴨材質塑膠🌟預購價款共六款❣️❣️,1,2.1840801239013667,2,1.4982959032058716
19,媽咪理髮院開張啦要剪平頭還是剪咩咩頭全都在媽媽的掌握中😛媽咪們想完成美髮師的夢只能趁現在長大就沒得剪了窩🤣🤣小小聲地把頭髮剪了電動剪髮器🔎🔎☺️優惠小黑板世界睡眠日兩件折兒童節玩具滿享折櫻花祭折出遊預備備媽咪包專區剪髮兒童理髮理髮梯刀剪髮器🉐安心購買保證🉐🔸享有售後服務🔹商品鑑賞期天🔸台灣出貨開立發票🔹下單後隔天出貨預購品假日除外,1,1.96796452999115,3,1.8621987104415887
20,拿鐵色從沒染過髮的甜心在自己人生大事裡放心的交給了謝謝妳喜歡我的美感讓我為妳改造🥰期待妳美美的婚紗照😍🎡月份活動出爐啦🎡給予默默關望的甜心們💎新客體驗價💎燙染折女神鉑金護髮折以上消費燙染護只能擇一唷☺️💎專屬優惠💎剪髮折當月壽星燙染折完整髮型作品集👉🏻妳的本命髮型師📲👉記得要加💌小盒子可諮詢預約唷☺️🈵可刷卡🔱一中殿🔱💈台中市北區太平路巷號🈺公休禮拜二☎️🅿️鄰近停車場參考👇🏻非特約🚗大車河停車場空間大距離近但費用偏高📍台中市北區太平路號💰週一至週四半小時💰週五至週日半小時🚗新興停車場收費低但位置偏少可以碰碰運氣📍台中市北區精武路💰半小時女神肆殿女神一中殿台中沙龍台中髮廊台中美髮台中美髮台中髮型設計師髮型台中推薦燙髮台中推薦染髮女生染髮長髮染髮短髮染髮女生燙髮長髮燙髮短髮燙髮台中特殊色霧感髮色質感色台中一中街台中美食台中北區,1,2.9712398052215576,3,2.81597900390625
21,我喜歡鮭魚生魚片特別是南寮魚銷中心賣的最👍鮭魚之亂😎南寮魚市場💕,1,2.8693416118621826,2,1.3890435695648191
22,✨✨✨✨✨✨✨✨✨✨✨✨✨✨📲對話預約時間和查詢🔍：=✂️✂️✂️✂️✂️✂️✂️✂️✂️✂️✂️✂️✂️✂️✂️🐾上門寵物美容🐾⚡基本沖涼服務包括剪甲，剪腳底毛，清耳毛，洗耳仔，修肚底毛，清肛門腺⚡歡迎查詢服務價錢☎️❤️上門時間為每日-後需加額外外附加費每時需加❣️沙田區除外時間開始將會計小時計算即收多時間開始將會計小時計算即收多❤️解結費為每半小時✅沙田區❕大圍區❕可享優惠愛犬犬上門狗美容狗美容乖乖上門寵物美容上門美容剪毛集郵期待下一次溫馨領養代替購買唐狗也是寶,3,2.6140661239624023,2,1.3387537002563477
23,🍀韓國新品春裝上架🍀💐新款兩件以上滿包郵韓國荔枝皮手挽袋🌾超抵預訂款💲💐黑象牙黃紅粉🌷啪扣款餃子形袋款約月尾到港🌾韓國直入🌿🌈如有疑問歡迎查詢🌈圖片與實物會有小色差🚚包郵可安排站智能櫃自取🙆‍♀️面交要另外預約時間🏦付款方式📌📌📌📌中銀恒生過數📌轉數快韓國新款韓國代購韓國手袋韓國女裝代購韓國時裝韓國女裝韓國袋訂購韓國服裝韓國製造韓國韓國手挽袋針織外套韓國鞋款西裝外套韓國連衣裙韓國女裝鞋韓國袋韓國襯衫韓國衫韓國連身裙韓國春裝韓國新貨韓國外套,2,0.5491884350776672,1,0.8121874928474426
24,☁️☁️☁️☁️☁️🤍,1,2.4761221408843994,2,1.2382442951202393
25,意外發現這家在海邊旁的咖啡屋🚗邊喝咖啡享受眼前的一片大海🌊☕台北台北景點林口濱海公路濱海八里咖啡大海放鬆心情,1,1.885901689529419,2,1.6402436494827268
26,💰💰百元光療百元美甲千元有找美甲千元有找千元美甲鏡面美甲冰塊美甲凝膠美甲凝膠光療光療美甲光療凝膠平價光療平價美甲蘆洲光療蘆洲美甲不,3,2.5754642486572266,1,1.9794951677322388
27,全台最美車站果然名不虛傳👍🏻八個人四台車玩台東🛵這站騎了分鐘台東景點台東多良車站,1,2.0245633125305176,4,0.312998503446579
28,🤩🤩🥳😍👍📱📱📱📱📱📱👥✈️✨🏡🏘️🔊,1,1.5772597789764404,2,1.2382442951202393
29,嗨很開心見到妳希望妳能更認識我一些😀當媽媽還是要保持著原本的那顆少女之心身為媽媽的我非常了解妳想要的是什麼妳想給孩子最好的我懂妳想給自己最好的我也懂不再只是當個購物狂我們買單都是有理由的為所有少女心的馬麻開闢的小天地懂妳想要紓壓的心🤟🔺下單請小盒子私訊並加入群組哦🔺群組內有更多商品提供選購歡迎私訊我們加入群組哦各國代購韓國代購連線日本代購德國代購香港代購泰國代購童裝配件童裝穿搭韓系童裝日系童裝童裝配件包包帽子,2,1.7245742082595823,1,1.4026083946228027
30,最近很常翻以前的照片發現這張沒有分享過我們肉鬆小時候🤤🤤🤤幼幼時期真的好可愛啊🥺❤️部鸚鵡玄鳳鸚鵡太陽鳥雞尾鸚鵡鳥奴療癒手養鳥摸摸撒嬌艾比與她的肉雞好朋友,1,2.5225400924682617,3,1.4248446226119995
31,純分享‼️知己知彼啲客話我地啲龍蝦仲貴過酒樓食💸我今晚就特登去試下某酒樓龍蝦伊麵🦞只能說一分錢一分貨詳細劣評唔公開講🤐,1,2.0646836757659908,2,1.680449366569519
32,超值新款💖🤩🎀💖💖櫻桃樹特價直播影片現貨🎀❗❗結單時間到星期日晚上點截止唷❗❗🎉特價款式專屬訂購除非故障不退貨也不換貨唷若需預訂大約個工作日💝💖運費一律元-運費特價優惠元💖💗,3,1.3512669801712036,1,1.1750344038009644
33,重要的日子是要紀錄下來的昨天度過了歲永遠歲的生日也收到不少朋友的祝福也收到弟弟的禮物🎁（魚弟可愛不？🤣今年生日最大的願望就是希望疫情早日結束我想去旅行😭同時也希望自己可以努力去拼搏趁還年輕」∠哈😂）在自己的興趣上做點成績來٩๑•̀ω•́๑۶未來的計劃能一一實現🤤感恩能順利完成的課堂也快結束希望接下來的考試和實習可以順順利利插畫繪圖插畫香港插畫香港原創香港創作香港插圖情侶日常插圖香港插畫專區情侶插畫圖文圖文創作日常生活情侣生日,1,2.5498290061950684,3,2.5578436851501465
34,豪哥帶饅頭去了一個非常大的公園但人真的很多還是平日來比較好難得拍三人合照也剛好一起穿了牛仔系列他就擺個厭世臉😂楠兒的台灣生活紀錄夫婦夫妻港台夫婦異地戀遠距離恋愛台灣生活香港人妻香港人在台灣香港人三重大都會公園親子寫真親子景點公園幸福水漾公園新北景點台灣公園饅頭仔全家福,2,2.030714750289917,1,2.158294916152954
35,早上吹著海風吃著冰晚上吊著裝飾燈升營火真是個浪漫的地方🌹小琉球海找冰愜意時光❤️,1,1.9890805482864384,2,1.2650374174118042
36,✨女神專用✨🇰🇷隔離霜🇰🇷🧚🏻對於底妝不貼服，容易浮粉、容易生痘痘既朋友黎講🧏🏻‍♀️隔離霜妝前乳可以幫助我地遠離妝面粗糙😍😍，令肌膚恢復光澤，從此遠離暗黃和乾燥✨外防內養瓷光肌✨隔離防護🛡️均勻膚色，輕薄透氣🌬️，彩妝、修正、提亮膚色、輕薄，讓妝容更服帖，女神必備產品🧚🏻🧚🏻紫色🟣校正蠟黃綠色🟢校正泛紅肌膚📜成分📜多種植物精粹比如薰衣草☘️、葡萄🍇、巴西莓以及褐藻成分🌱，除此之外，還有薄荷、茶樹和積雪草精華🌿，保證成分溫和⭐適合所有膚質的人士使用⭐🚨使用方法🚨擠出適量隔離霜以螺旋方式塗抹於面上⚠️使用次序⚠️於正常護膚步驟後上彩妝前使用款色選擇紫色綠色容量產地韓國🙇🏼‍♂️歡迎留言查詢或📲🎉或者加入群接收第一時間信息⚠️入數後訂貨，如遇缺貨會立即安排退款🙏🏼⚠️買家需承擔郵寄風險，如有需要可加錢轉寄掛號🙏🏼馮滿記藥油日本藥妝韓國化妝品韓國批發韓妹隔離霜女神專用,1,1.9252638816833496,3,1.548368215560913
37,老婆♥️我們要一直相親相愛到老,1,2.3291852474212646,3,2.1310248374938965
38,學生作品😁,1,2.446091890335083,3,1.3076825141906738
39,❤️義享時尚廣場店❤️開幕慶第一重❤️六二全店滿享折部分商品除外第二重❤️哈瓦仕滿贈送原廠限量耳機全台獨家第三重❤️購買正價鞋款即贈原廠鑰匙圈蝦皮商城同步販售中下單現賺蝦幣高雄高雄蝦皮商城高雄高雄🔘店文橫店🆕義享時尚廣場店🆕《粉絲專頁》搜尋🔍🆕《》搜尋🔍🆕《蝦皮商城》搜尋🔍高雄🔘店裕誠店夢時代店漢神巨蛋店粉絲專頁搜尋🔍高雄搜尋🔍,3,1.6151996850967407,1,3.067195177078247
40,於是呢🤍嗯于回來跳舞了🙌🏻要性感的跳🤭謝謝山姆老師✨,3,2.0488498210906982,2,1.5028146505355835
41,英國香氛品牌與哈利波特聯名香氛系列🪄🤎香氛蠟燭結合了魔法世界中的經典元素燃燒完後還內藏驚喜聯名香氛系列英國🇬🇧代購哈利波特迷哈利波特聯名系列網路爆紅商品有興趣可以私訊詢問❤️也可直接前往社團下單限時代購中,1,1.207227349281311,2,0.5557267069816589
42,今天情人節欸😍‼️有人要跟我說情人節塊肉嗎⁉️✨,1,2.1903648376464844,2,1.2294206619262695
43,暑期就快到喇煩緊小朋友成日喺屋企冇乜做唔想佢地成日只係掛住拎部電話打機睇片不如買個同小朋友一齊玩下💕👨‍👩‍👦積木人仔手工皂材料包套可做個材料包包括日本透明皂基手工皂專用香水自選款積木人仔自選個模具個可減去教程一份詳情查詢可我💕,3,2.2092409133911133,1,2.0599045753479004
44,🌸🌸🌸聽說是櫻花瀑布到現場整個稀疏花都謝了我也哭了🥲幸好我是手機劣質圖高手以後乾脆在社區榕樹下拍就好😌,3,1.597481608390808,1,1.4538887739181519
45,是那天在機場護送森尼的人☺️原來是新經紀人啊我還以為是保鑣🤣🤣🤣☝🏻🔗💖🍓💖🔗,3,2.042811632156372,1,0.7143534421920776
46,創業起步並不會導致失敗沒有堅持才會當你堅持下去就會發現自己的能力往往比想像中強大❤️車語錄,1,2.1236841678619385,2,1.1881341934204102
47,情人節快樂啊❗💗快樂💗,3,1.8165196180343628,1,1.6072909832000732
48,上生活的賊船做快樂的海盜🏴‍☠️,3,2.260145664215088,1,2.106676816940308
49,非常時期不設面交只限本地平郵或順豐到付已所有款式請比小小時間望望問價請直接無用不回到貨本地平郵▫️順豐到付所有貨品不包郵小本經營不設任何現貨全店除特別註明外均需訂貨急單心急要現貨免問📞入數方式中銀如缺貨將全數退回日本代購小魚仙吃貨美人魚三眼仔小飛象妙妙貓唐老鴨小熊維尼相機食先日本直送日本零食美女與野獸食好西日本雜貨名牌代購日本美妝日本藥妝香港迪士尼代購小熊學校東京迪士尼代購代購口罩代購黃色經濟圈,2,0.6508050560951233,1,1.1314799785614014
50,韓國🇰🇷深層清潔卸妝油🧏🏻‍♀️透明質酸美白眼霜👀孫藝珍👩🏻‍🦰代言品牌魔女工廠深層清潔卸妝油🧏🏻‍♀️女士🧏🏻‍♀️保護皮膚護理卸妝第一步是最重要的✅韓妹👱🏼‍♀️保護皮膚卸妝分鐘潔面分鐘分鐘塗抹按摩純淨深層卸妝油種純天然成份構成🌿植物性天然油適合所有膚質主要成分是大米發酵微粒幫助調節，水油平衡為肌膚帶來溫和的清潔護理，不會對肌膚造成負擔🌿透明質酸美白眼霜👀這個是專門針對黑眼圈🐼捱夜的人必備有美白成份煙酰胺和去皺成份腺甘酸容量價錢一盒有意可📱💬或👍🏻’💬或👣♥️💬注意事項⚠️預訂款😊不設現貨😊入數後確實訂單📝⚠️購買不成功將會全額退款😊⚠️❎現貨✅需訂購📅工作天取貨方式📦順豐到付風險自負📮郵寄（不❎包郵風險自負📦面交上環地鐵站新蒲崗屯門西鐵站📦門市自取💯💯🥳入數方法💰現金💸💰轉數快🔁💰🔁💰🔁💰中銀入數💳💰匯豐入數💳💰恆生入數💳代購代購屯門置樂壹號總站韓國直送韓國代購韓國零食代購韓國連線韓國美食韓國零食愛的迫降孫藝珍代言韓國護膚品再生精華魔女工廠眼霜精華眼霜眼霜精華透明質酸美白精華素韓國美粧護膚卸粧油,1,1.577816605567932,2,2.1679883003234863
51,💜雖然看起來是傲嬌的閔貓貓但他溫柔到骨子深情融進靈魂溫柔都落在了行動上他也和他的名字一樣只要想到就覺得是一個很甜的人,1,1.6095926761627195,2,1.4723747968673706
52,🎂我的大寶寶一眨眼九月份就要上國小了只希望你天天開心身體健康炭治呈與妮豆子的生日趴我的生活已經充滿了鬼滅之刃兒子每天唱鬼滅的歌看鬼滅的影片問鬼滅的問題媽媽瀕臨崩潰所以蛋糕拒絕又是鬼滅,1,2.768502950668335,3,2.4926979541778564
53,知性美🐰,1,1.150899052619934,2,1.056570529937744
54,大阪🎌環球影城團購🎊週年紀念貨品🎊💙今次芝麻街有做主打🍪吊飾✨更多貨品👉🏻更多貨品🌏✨✨✨✨✨✨✨✨✨✨✨✨✨✨✨✨今團截單日請留意本店✨✨✨✨✨✨✨✨✨✨✨✨✨✨✨✨歡迎或查詢😉✨✨日本代購日本直送日本代購網日本環球影城日本環球影城代購大阪環球影城大阪環球影城代購代購芝麻街代購代購,3,1.8969502449035645,1,1.5161385536193848
55,只要長得夠好看就不用修圖濾鏡別誤會我說我媽🤣跟你出來我的壓力小了許多🥰🥰🥰最後一張附上可愛的身高差,1,1.994245767593384,2,1.5315989255905151
56,簡單的單色貝殼粉設計🧚‍♀️小資女寵愛自己優惠活動🔺預約方式：需在本店或粉專喜愛的作品留言處標記兩位女性🚺朋友打上小資女優惠截圖至小盒子粉專即可預約👇☑️不限造型款式全部☑️含基礎保養☑️跳色不加價☑️加厚➕☑️含貼紙卯釘暈染線條大理石紋各種流行素材非常複雜手繪特殊鑽飾除外我們絕對給您最優惠的價格和最好的品質歡迎自帶圖片一樣給您最優惠的價錢✔️體驗手部單色❤️手足一起足享優惠價❤️💙手足保養一起也只要💙心動趕快來預約吧💅一中美甲店一中美甲台中美甲店台中北區美甲設計一中美甲美睫北區美甲美睫台中美睫北區美睫裸色光療法式指甲鏡面指甲碎鑽膠暈染美甲貝殼指甲,1,1.6409640312194824,3,1.4632329940795898
57,現代人工作繁忙而身體各項機能也會隨著年齡的增加而流失幫助柴媽🐶補充體力的秘密武器就是這款就怕你太行就怕你太行是一款可以調節生理機能滋補強身增強體力的輔助機能食品不論是上班族還是容易疲勞的男性甚至是一般人都可以天天食用幫助提振精神它一包就是天份每日顆多食無益作成錠狀的非常方便實用而且外袋紅吱吱看起來就很有充滿充沛的形象跟產品本身的訴求非常搭就怕你太行採用高科技的萃取工程把所有原料都直接打錠成形所以產品可以在體內完全自然崩解並吸收吸收效果非常的好就怕你太行每一錠都包含珍貴的鹿茸萃取紐西蘭生蠔萃取雪蓮萃取物酵母鋅左旋精胺酸及維他命群等多項機能輔助修護因子這些成分都是非常棒的修護因子可以提供身體所需的精氣營養一天顆讓我從早到晚精力充沛上班不只精神更好工作效率提高連下班照顧屁柴也不會累虛虛的像老太婆一樣囉非常推薦給大家❤️就怕你太行機能輔助食品珍貴中藥材三大機能輔助修護因子鹿茸萃取紐西蘭生蠔萃取雪蓮天然萃取滋補強身增強體力,2,1.6749101877212524,1,1.5620200634002686
58,最後日啦‼️最後日啦‼️最後日啦‼️兩間門市有大量新款未曝光哦😎🤩快落門市搵店主同棉花糖啦‼️直播有優惠卷真係唔好錯過😆三月份內要用呀！每個用完優惠券嘅客人，個個都表示超抵勁正👍🏻💯真心抵✅💻網頁：🛍️總店🏠元朗壽富街號好順福購物中心地下號鋪阿信屋斜對面📱店主分店🏘️觀塘開源道號駱駝漆大廈座樓室📱棉花糖元朗元朗好順福好順福香港韓國韓國衫觀塘駱駝漆大廈韓國時裝春季新款,3,2.114340782165528,1,2.496610403060913
59,現貨➕預購款背心領背心顏色粉白黑綠杏紫黃尺寸彈性💰💲，💰💲訂貨方式圖顏色或是⭕圈起來➕請備註取貨方式方便核對🔺請詳細遵守購買規則：🔺所有商品不接急件因為每一家廠商發貨時間不一樣能等再下單請勿➕後自行取消或是自己刪除留言無天鑑賞所以沒有無退換貨服務每台手機像素不一樣照片難免有色差跑單或是通知未取貨一律公佈黑名單攤位取貨或蝦皮結單請先備註洗滌方式深淺色一定要分開洗逸絲綺工作室,2,1.462272047996521,1,1.09712553024292
60,散桜良❓球磨村毎床大桜樹齢年逆光画像全然時運笑喜思美熊本球磨村毎床大桜山桜樹齢年,2,1.8141796588897705,1,1.8815654516220093
61,白色旺旺情人節快樂🤪,2,1.4816348552703855,1,1.5033390522003174
62,男友丹寧襯商品介紹✔️顏色單一色✔️尺寸長版蓋屁股配上長褲短褲都好看單邊立體大口袋袖口固定反折‼️喜歡請帶圖私訊小盒子詢問唷‼️衣櫃子服飾,1,1.9183578491210933,2,1.871034383773804
63,🔥客人效果圖🔥🙆🏻‍♀️❤️極推薦🧪涙溝膠原自生填充‼️💯😐極顯老😰極顯倦容😭更顯黑色素成因👇🏻⭕膠原流失（喜歡捱夜煙酒，欠缺護理）⭕皮膚鬆弛療程次維持約年透明質酸填充優惠價✨個月童顏針填充一樽全面連眼部✨年左右感謝客人們一直以來的支持🙏🏻😘繼續接受️⃣月份預約中🙆🏻‍♀️❤️要來的快快留位了🙌🏻✨每天預約都是🈵🈵‼️記得提早至少幾天預約🙏🏻🙏🏻以便安排理想時間給大家🥰❤️官方諮詢➕預約查詢專線🔥📲隆鼻疤痕修復凹凸洞治療暗瘡蛋白提升水光針醫學美容微整微笑唇碳粉脫毛洗眉洗紋身小臉針皮秒澳門微整形少女針角蛋白美睫狐臭針狐臭治療美白針溶脂針抽脂抽脂隆胸雙眼皮香港鼻埋線瘦面針瘦面開眼頭雙眼皮透明質酸豐胸,1,2.3899099826812744,2,1.93003511428833
64,暫時逃離生活的女孩們👧🏻,1,1.469062328338623,2,1.1136914491653442
65,隨手畫得你是誰啦😂😂😂有人願意猜嗎偶像星願,1,1.4131245613098145,3,1.802403688430786
66,耶今天生日難得出來走跳🥳,1,1.5388952493667605,2,1.032375693321228
67,還是要發一下照片啦🏖️底片宣告退役了😭攝影攝影世界,1,1.4835431575775146,2,1.5167876482009888
68,今日臨時有事提早到打烊想買新衣取貨的粉絲趕快來找我們吧🏠地址台南市南區金華路二段號☎️電話💡營業時間：～🔍🔍🔍⭕我們也有提供郵寄的服務⭕📍有關衣服的任何問題都歡迎私訊詢問喲,4,0.6571989059448242,1,2.891664981842041
69,感謝💜很細心👍🏻先推就對了😜還幫我點隔壁拉麵🍜真的貼心🥰頭髮也用的很好😘感謝我哥帶我來然後順便幫我付錢😜當哥寶的感覺最好了😂🌟—💇🏼‍♀️🌟新莊區中正路巷號捷運輔大站號出口新莊輔大,1,2.745020866394043,2,1.167911410331726
70,能成為家人是一種緣份👨‍👧願你一路順風身體健康幸福快樂🥰❤️,1,2.7876899242401123,3,2.404715776443481
71,考完出來透透氣的🐟,1,2.1123569011688232,3,2.0872137546539307
72,📷實拍系列📷喜歡的歡迎私訊下單📲官方帳號加入請備註說明帳號您的私人店舖😘選對品質省的不只一點🤏,1,2.9263422489166264,2,1.3897072076797483
73,🧇我可愛的客戶發信息告訴這是被全韓國最好吃的沒想到大家對韓流的熱誠仍在❤️不負期望我是愛上了💓哈哈,1,2.708893299102783,2,1.5808645486831665
74,😎型男索女靚女😍女神空姐演員新娘校花校草超人氣首選🔥。背後的秘密🙊。一支搞掂。口碑行銷。國際化銷售包括英國美國馬來西亞台灣澳門中國內地的高科研瘦身神器·🔹皇牌天然́́瘦身系列🔹每日只需分鐘勁過做運動呀👏🏿👏🏻真實客人效果記錄👏🏼👏🏿✨只需支，大腿勁減！係！」✨只係其中一位客人的效果見證咋😱⭐⭐最重要最重要係⭐⭐❌節食❌做運動❌食藥❌副作用❌發熱❌傷皮膚❌考慮價錢正呀❗❗❗🌟抗疫價支🌟🔹皇牌天然́́瘦身系列🔹分別有款專研針對人體各部位腿手臂腰肚腩臀部面部全身建議選用一個療程以達至最佳效果❗❗專業天然科研成果選取歐洲果油提煉而成專研針對人體脂肪囤積以科技分析了解身體各部位的需求產品通過法定安全檢測符合安全標準絕無副作用產品成份天然及品質溫和值介乎屬於中性偏弱酸性適合不同肌膚體質產品近成份能有效針對性局部燃燒脂肪安全天然高濃度更多更多效果圖👉🏿👉🏿👉🏿👉🏿優質護膚系列全身美白面部美白淡斑去皺紋補濕🔹皇牌天然́́瘦身系列🔹瘦腰瘦腿瘦肚瘦面瘦手臂瘦瘦全身更多更多效果圖👉🏿👉🏿👉🏿👉🏿加碼豐胸系列豐胸增大豐胸緊致更多更多效果圖👉🏿👉🏿👉🏿👉🏿溫和眼部系列去黑眼圈去眼袋去皺紋更多更多效果圖👉🏿👉🏿👉🏿👉🏿瞬間護髮系列免沖洗修護髮油毛躁開叉柔順髮油更多更多效果圖👉🏿👉🏿👉🏿👉🏿張任選張唇膜眼膜黑頭貼髮貼更多更多效果圖👉🏿👉🏿👉🏿👉🏿付款方式💰人民幣支付寶微信💰港幣）銀行過數現金💰其他外幣可以交收平郵寄郵局平郵寄屋企順豐到付正價滿包郵小時內寄出更多更多效果圖👉🏿👉🏿👉🏿👉🏿聯絡資料直接搵店主客戶服務👉旺角旺角中心樓舖格近旺角出口👉深水埗西九龍中心樓👉天水圍新北江商場原宿地帶📣📣📣📣請自行📣📣📣📣📣📣📣📣📣📣📣📣📣更多更多效果圖👉🏿👉🏿👉🏿👉🏿胸圍隱形胸圍內衣內褲豐胸豐胸膏豐胸丸美胸新娘化妝婚紗攝影新娘造型美甲手錶手鍊耳環頸鏈頸鍊波鞋化妝遮瑕陰影手袋化妝品手鈪戒指情侶鞋,1,2.385333299636841,2,1.3885949850082395
75,酒精忍者🥷今天去修練了所以不在店裡明天會繼續為大家服務喔😉,1,1.501410961151123,2,1.4340181350708008
76,🌅好久沒有回到山林擁抱山林熱愛山林,2,1.2395786046981812,1,0.9718350172042848
77,黑茶色公主切少女款高質感髮色搭配切切切公主切是不是超級好看呢聽說這髮型很夯少女小姐少婦通通可以❤️❤️❤️❤️❤️❤️❤️❤️年後開約囉年前沒整理的朋友趕緊約起來📱預約專線📍地址中壢區延平路號監理站旁步行分鐘即可🚶🏼‍♂️🚶🏼‍♂️🚶🏼‍♂️🚶🏼‍♂️附有特約停車🚗🚗🚗設計師🤘歡迎私賴🤘❤️預約營業時間～休週四中壢髮型師桃園燙染推薦我是中壢人燙髮美髮師霧感霧感髮色燙髮推薦中壢燙染中壢燙髮中壢染髮中壢剪髮小朋友燙髮小朋友剪髮韓系髮型百年神仙健康洗髮洗髮推薦桃園剪髮推薦中壢染燙網美沙龍水波紋特約停車女生短髮中壢洗髮,3,2.0904927253723145,1,2.265814304351806
78,今天是國際婦女節也是我媽咪的生日🎂㊗️麻麻生日快樂🎁🐶我就是妳的禮物🥰謝謝麻麻這麼愛我給我那摸多的愛💕馬爾濟斯瑪爾濟斯瑪爾寵物狗狗狗日常狗狗日記小狗搞笑毛孩毛孩子毛孩是家人毛小孩毛小孩是家人汪星人國際婦女節,1,2.562378406524658,2,1.4223015308380127
79,愛自己❤️動起來💕,1,2.6142427921295166,3,1.95331346988678
80,喜歡背後背包的🎒外出大包小包的💼🧳有北鼻的👶🏻👦🏻👧🏻🧒🏻👆🏻這個不能少電話訊息不漏接😉牛皮手機掛包綠橘白紫卡三峽正韓服飾手機掛包手機包,1,3.0029082298278813,2,1.6836316585540771
81,❤️❤️❤️新款純金對戒❤️❤️❤️新款對戒素面霧面款基本款牌鎖鏈僂空款流線造型金砂款歡迎來店鑑賞試戴謝謝😘台中推薦銀樓北屯區珠寶銀樓高價回收黃金水湳市場大連路銀樓銀樓珠寶設計精緻輕珠寶黃金賣出台錢黃金盤價📈台錢黃金買入台錢白金台錢以上來自銀樓公會參考價格🎬金石銀樓：或搜尋📸金石銀樓：☎️服務專線🏠地址台中市北屯區水湳里大連路一段號營業時間星期一至星期五星期六公休星期日公休歡迎來店鑑賞試戴謝謝😘台中推薦銀樓北屯區珠寶銀樓高價回收黃金水湳市場大連路銀樓銀樓珠寶設計精緻輕珠寶黃金賣出台錢黃金盤價📈台錢黃金買入台錢白金台錢以上來自銀樓公會參考價格🎬金石銀樓：或搜尋📸金石銀樓：☎️服務專線🏠地址台中市北屯區水湳里大連路一段號營業時間星期一至星期五星期六公休星期日公休,1,1.7732892036437988,2,1.4446656703948977
82,今天你享瘦了嗎瘦身雙寵讓你效果事半功倍😍⬇️⬇️黃金速燃脂美顏配套💫🔘蔬果植物酵素綜合排毒飲🔘賽洛美美白塑身營養代餐讓妳從內到外亮麗動人😍減去頑固脂肪的救星🌠見證蛻變迎接新生✨全球招商☑️☎️排毒酵素國際品牌香港網商萬寧台灣網商日韩商品日本專利柚美代餐瘦身霜瘦身產品排毒產品美容產品香港中國國際企業,3,2.848423957824707,1,2.710368633270264
83,爬步道看海天氣好☺️豬豬王國🐷🐮🦉,3,1.802389025688172,2,1.1417646408081057
84,焉栩嘉更新微博♟️,1,1.3026584386825562,2,1.1706764698028564
85,⭐包平郵⭐三角形珍珠個抓夾頂夾邊夾💰髮夾抓夾三角形頂夾頂夾,2,1.0275890827178955,1,2.2340445518493652
86,開心😍彰化菇菇燒🍄🍄🍄🍄,3,1.072453260421753,1,0.7756475806236267
87,好吃😀😀😀,3,2.4637880325317383,2,1.3792955875396729
88,專業推介❤️勁好襯衫勁好着❤️✨買滿包順豐運費💪✨所有貨品都購於韓國✨訂貨約一星期左右可到手✨現貨只需日左右✨付款方式轉數快匯豐中銀返工衫褲衫韓國衫韓國韓東大門服飾首爾時裝網店韓國代購女裝網購連身裙牛仔牛仔裙褲牛仔褲,3,2.225996732711792,1,2.91007924079895
89,今天為你呈現✨暖暮棕色✨整理小秘訣資生堂綻色洗維持好髮色✨好髮型來自和👉你的溝通👈為妳呈現✨每月日為品牌日剪護八折日為型男日剪髮八折💎設計師☎️預約電話曼都髮型曼都鹽行店女士剪髮無限裁剪女士染髮設計時尚流行技巧創新歐美亞麻好氣色髮色推薦燙髮設計女生短髮燙浪漫髮型線條感松感自然奶茶色特殊色灰茶色霧感萊雅線條染米白色暖暮棕色,3,2.5980172157287598,1,2.66406512260437
90,✔️’✔️請互相在詢問與預約上給予禮貌與尊重❌小盒子不接受預約✔️採完全預約制😊預約請留下預約日期時間預約服務項目預約名字及聯絡電話📞✔️回覆訊息時間為：週一～週六～預約訊息請以預約以免漏訊息✔️地址雲林縣斗六市成功三街號克蘿伊時尚美學沙龍雲林斗六光療美甲暈染手繪法式指甲爪貓眼手足漸層克蘿伊國旅卡特約商店美甲教學凍甲斗六美甲無痛凍甲矯正日韓系統凝膠,3,2.4613308906555176,1,2.4463038444519043
91,我飛向宇宙卻被你逮回小小星球🪐又在喜憨了哈哈哈我爸遲早有一天會被我吵瘋每天回家都幹話一堆欸呃如果走在路上會不會被當神經病,3,0.8785360455513,2,1.1498119831085205
92,我們的少女時代變成媽媽時代囉緣份真的很奇妙以前大家手中拎包包現在大家手中拎寶寶🤣小大集合大哥小柚子🎂二姐蜜糖缺席🎂三哥李糖🎂四妹小椪柑🎂小妹啾咪咪🎂,1,2.961125135421753,3,1.8357193470001216
93,蜜糖紅💛交織在浪漫的愛情裏🌹橘棕色注入些許紅棕調髮絲柔軟看起來更具初戀感✨不管是長髮還是短髮都是一款滿滿少女氣息的髮色一個夢想中的沙龍走向放鬆療癒感動人心⚠️歡迎線上預約訊息💇🏼‍♀️預約指定📞電話📍地址新北市板橋區中山路一段巷號好地一個夢想的沙龍台北板橋沙龍板橋剪髮板橋燙髮板橋染髮日系韓系仿電棒燙美容師外国人風撮影,3,2.8670012950897217,1,2.8648993968963623
94,✨如你想買一個裝口罩，消毒搓手液既小物袋💁🏻‍♀️✅有兩款選擇家📌上面既係日本棉布下面既用台灣食物級布料📌台灣食物級防水布料可用水手洗，比起一般棉布快乾又可以洗，唔用水洗可以用消毒噴霧噴一噴再用紙巾抹左佢，快捷又方便💁🏻‍♀️📌歡迎訂造💯日本及台灣進口布料⭕只限平郵易快遞或順豐到付✅✅💰付款方式匯豐銀行中國銀行轉數快八達通日本布手作香港手作店香港布料紙巾套口罩口罩套口罩袋小物袋袋,1,2.137824296951294,2,1.815092921257019
95,🐰-小國小朋友直播🐰小國最近出席率無敵多的😭今天很幸福的聽了很多清唱怎麼可以那麼好聽啦🥺這首歌我也很喜歡嗚嗚嗚你不要那麼優秀好不好啊😭啊你怎麼也越看越成熟了🤣哈哈哈哈哈哈有練有差哦😆防彈少年團田小國直播田柾國直播啦我們可愛的忙內寶寶謝謝你唱那麼多歌給咱們聽啊越聽越想你們了🥺田柾國,1,2.1640996932983403,2,1.7547565698623655
96,希望歲可以隨性過完❤️由於昨天狀況慘烈我就不拿各位限時出來丟臉了🥺,1,1.9917728900909424,2,0.9096998572349548
97,個人護理篇💫小工具大幫忙💫😃唔好睇小哩小工具…好用方便就是大幫忙😌效果好之外👍🏻…仲可以慳番唔少時間喔✌🏻今次為眼睛做下先😍✨🇯🇵日本穴道按摩美容舒壓眼罩✨✨💡穴道按摩美容舒壓眼罩為眼部穴道按摩眼罩背面有特別設計穴道按摩突起的記號可一口氣按壓眼部周邊全部的穴道舒緩眼尾額頭攪間皺紋💡防止上眼皮及下眼皮下垂及眼皮浮腫🇯🇵日本研製中國製造使用方法️⃣眼罩突起記號朝向眼部周圍然後掛上耳朵兩旁固定好眼罩️⃣將雙手掌開由下往上按壓眼罩眼部穴位按摩眼睛浮腫眼睛健康,1,2.0653858184814453,3,2.4653728008270264
98,🇯🇵日本迪士尼系列防滑透明筷子⚠️截單日期：月日⚠️約-星期到貨📦🛬🇯🇵日本製⭕可入微波爐洗碗碟機款🌈愛麗絲夢遊仙境貝兒小魚仙長髮公主三眼仔怪獸公司✨🔲尺寸約全長⚫⚫⚫⚫⚫⚫⚫⚫⚫⚫⚠️請注意⚫圖中產品嘅顏色可能會與實際物有所不同具體取決於照射同光線角度顯示器設定室內照明等⚪請注意顯示器嘅尺寸同實際產品可能會略有不同⚫如果訂單過多則產品可能缺貨⚪請注意訂單確認後我們不接受更改或取消⚫⚫⚫⚫⚫⚫⚫⚫⚫⚫⚠️商品會在沒有預告的情況下售罄敬請見諒⚠️除非特別註明否則所有貨品均需訂購📦🚛⚠️不接急單❌❌⚫⚫⚫⚫⚫⚫⚫⚫⚫⚫❣️鍾意我地就俾返個👍🏿歡迎任何查詢📥📥ㅤㅤㅤㅤㅤㅤ⚫⚫⚫⚫⚫⚫⚫⚫⚫⚫付款方法️⃣🏧轉帳️⃣️⃣轉數快⚫⚫⚫⚫⚫⚫⚫⚫⚫⚫📮📦郵寄方法👉🏿順豐到付👉🏿自付平郵迪士尼愛麗絲夢遊仙境愛麗絲妙妙貓貝兒美女與野獸小魚仙長髮公主大鼻鋼牙小熊維尼三眼仔反斗奇兵怪獸公司毛毛大眼仔單眼仔,3,1.4315545558929443,1,1.9199568033218384
99,✌️💕💰,3,2.45957899093628,2,1.2382442951202393
100,很高興認識大家大專之夜❤️💒,1,2.5325045585632324,3,2.0835285186767583
101,就是喜歡站在路中間🤭😜喬,1,1.2225288152694702,2,0.9689039587974548
102,✨尼龍方包超好看的啦❤️,1,2.4961655139923096,2,1.4178476333618164
103,🌎日本環球影城開團啦💗🐻散紙包😎🌟💕🥸截單日預計月中到貨😋落單可直接落站直接落單▫️▫️▫️▫️▫️▫️▫️▫️▫️▫️▫️▫️▫️取貨門市地址荃灣門市地址荃灣大河道地皇廣場樓号舖地鐵岀口行分鐘營業時間--觀塘門市地址觀塘駿業里號業運工業大廈樓室取貨時間旺角格仔地址旺角兆萬中心地庫號舖落扶手電梯到地下層直入走廊尾左手面取貨時間星期一至五-星期六至日-▫️▫️▫️▫️▫️▫️▫️▫️▫️▫️▫️▫️▫️💁🏻‍♀️我地係日本精品日本代購日本連線💁🏻‍♀️我地專營日本環球影城日本環球影城代購代購代購🧸商品公仔精品小黃人迷你兵團口水肩▫️▫️▫️▫️▫️▫️▫️▫️▫️▫️▫️▫️▫️,1,1.5563558340072632,2,1.0060480833053589
104,綁線牛抱葫蘆保平安❤️,1,2.316272020339966,2,1.2948875427246094
105,🎬遺憾讓我們成為彼此梗在喉嚨的一根刺讓說出口的真心祝福都心痛無比後來的我們,1,1.2226070165634155,2,1.0762532949447632
106,單色幾何▪️～▪️台中市太平區宜欣七街號🏡賢德醫院附近▪️人服務採預約制▪️☎️台中美甲美甲台中光療光療手足光療手足保養手部光療足部光療凝膠光療韓系美甲日系美甲夏日美甲秋冬美甲單色光療幾何美甲,1,2.750251531600952,3,2.2503812313079834
107,女人👩🏻心情再怎麼不好工作在忙碌📒都應該做好保養的準備只有自己不會拋棄自己自己為自己做好未來的準備奉上皮秒圖❤️😄只告訴你身為女人👩🏻保養是必然的瓶收代理只到三月底截止養肌秘方找喬安㊙️,1,1.4847837686538696,2,1.702053427696228
108,開心是雲海🥰🥰🥰還能平安回來鳶嘴山雲海,1,3.010095596313477,2,1.2382686138153076
109,上上週放風箏🌞☁️🪁照片過的比較慢,3,2.161115884780884,1,1.6000301837921145
110,💇🏻‍♂️💇🏻‍♂️男士限時優惠降臨💇🏻‍♂️💇🏻‍♂️👯‍♂️二人同行🎨再加送修護焗油（價值）👏🏻🌠真實相片🖼️絕無修圖🎠絕不客🤹🏻📣（經常睇漏信息🎭請預約☎️📲查詢或預約：☎️◾◾◾◾◾◾◾◾◾◾◾◾◾◾◾️⃣男士短質感電髮洗剪✴️附加🙌🏻染髮轉用冷療藥水◾◾◾◾◾◾◾◾◾◾◾◾◾◾◾️⃣男士短錫紙燙電髮洗剪✴️附加🙌🏻染髮加◾◾◾◾◾◾◾◾◾◾◾◾◾◾◾️⃣男士短染髮專效頭皮保護洗剪✴️◾◾◾◾◾◾◾◾◾◾◾◾◾◾◾️⃣男士短染髮全頭漂一次專效頭皮保護洗剪✴️轉用智能漂粉◾◾◾◾◾◾◾◾◾◾◾◾◾◾◾️⃣男士防脫護理洗剪✴️◾◾◾◾◾◾◾◾◾◾◾◾◾◾◾預約或查詢尖沙咀髮型屋香港髮型師髪型屋染髮漸變色最新髪型尖沙咀髮型師文青文青風男士攣髮男士電髮熱療草本染髮漂粉挑染漂髮漂染脫髮防脫髮,1,2.724346399307251,3,1.895790934562683
111,五一黃旺氣來😂😂😂😂😂🤣,1,1.8519667387008667,2,1.0281275510787964
112,又一個笑到喊既晚上❤️姐姐與怪叔叔,3,2.049104928970337,2,1.469238042831421
113,🍃眾所喜愛的植萃養髮天然的嚴選植物萃補充一般護髮所無法做到的強韌彈性度擁有大群忠實客人喜愛👏✔️補染髮根搭配植萃養髮✔️細軟受損髮✔️豐盈感設計師豐原三店〰️高質感舒適專業沙龍台中市豐原區自成街巷號🔷新會員獨享剪髮折燙染護折🔺交通資訊台中市豐原區自成街巷號🔺預約電話台中髮廊豐原三店豐原豐原髮廊豐原剪髮推薦豐原燙髮推薦植萃養髮獨家護髮,3,2.735063076019287,1,2.9722597599029537
114,因為不懂要哪個😗所以兩張一起放🖤,1,1.2394332885742188,2,0.9566632509231568
115,不自律是種怎麼樣的體驗就是在躊躇滿志跟後悔遺憾間不斷轉換佳句認同請按❤️自律語錄分享,1,1.6260957717895508,2,1.5229582786560059
116,第一次變裝皇后就成功🤣這妝容還是拍照好看哈哈哈動態的部分有點太嚇人戴上假髮擦上口號的那一刻我真的覺得我超美謝謝磊磊幫我完成傻逼納的小小夢想😘第一次畫妝愛上自己的高顴骨但以後自己畫不出來所以顴骨還是先掰掰😂妝髮🪞變裝皇后,1,1.9798548221588133,3,1.9085612297058103
117,很多時候很多事情讓我無能為力壓力任務目標每天開心的我再怎樣都不去多想每天藉著短短的時間禱告能讓我明天一整天都是笑笑❤️「相信神的慈愛·平安可以期待」❤️,3,2.0086824893951416,1,1.5021189451217651
118,🎂👩🏻年的第一篇文留給妳,3,2.275486707687378,1,1.6347928047180176
119,陽光總能帶給大地色彩而你可以讓自己活得更精彩謝謝親愛的幫我拍的這麼美照片超難選每一張都好想放🥺桃園桃園景點埔心牧場與閨蜜空中瑜伽空中舞蹈私人教練一對一,1,2.4951913356781006,3,2.676900148391724
120,我跟教練約好要一直運動到宮縮陣痛直到出生🐣！🥰🤪,1,2.1706788539886475,2,1.603495717048645
121,非常時期不設面交只限本地平郵或順豐到付已所有款式請比小小時間望望問價請直接無用不回到貨本地平郵▫️順豐到付所有貨品不包郵小本經營不設任何現貨全店除特別註明外均需訂貨急單心急要現貨免問📞入數方式中銀如缺貨將全數退回日本代購小魚仙吃貨美人魚三眼仔小飛象妙妙貓唐老鴨小熊維尼相機食先日本直送日本零食美女與野獸食好西日本雜貨名牌代購日本美妝日本藥妝香港迪士尼代購小熊學校東京迪士尼代購代購口罩代購黃色經濟圈,2,0.6508050560951233,1,1.1314799785614014
122,百因必有果你的報應就是我❤️🐑,1,2.263190269470215,2,1.2017971277236938
123,🎀現貨關節筋肌配方到貨日小量現貨可個工作天出順豐優惠價🌟萬寧賣🌟😱😱解決肩周痛五十痛腰背痛坐骨痛膝蓋痛酸軟無力根據日本研究所最新發表的關節研究報告關節痛是因為原本被筋和肌肉包實的關節構造出現了鬆散現象一受力就痛肌肉老化失去抓力同時筋老化失去韌力關節就開始變鬆散解決關節鬆散有辦法鞏固關節の配方�-雞胸骨膠原＋天然全面提升肌肉力量發力卸力同時釋放天然止痛作用軟骨黏多醣蛋白保持軟骨組織潤滑助長筋肌發力卸力更自如高濃度葡萄糖胺增强筋類組織柔韌度有效止痛及提升關節靈活度配方概念源自柔道打好筋肌剛柔並重關節鞏固健康回本,4,1.083276629447937,1,1.0605252981185913
124,❤️👍本店及此優惠價🌟厚實動物大型購物袋💕有容量，可以直接套落購物籃，十分方便，柴犬款好可愛🐶，貓貓款🐱同雀仔款🐧都好唔錯仲有保冷保溫功效🔺款💡代購方法：留言➡️過數➡️收貨🏦付款方式恆生渣打入數轉數快🚛送貨方式順豐到付青衣或荃灣站或荃灣西站面交⏱️截單日期截單期後價格或會變動欲購買可或留言查詢📅到貨日截單後約星期因新冠肺炎疫情或會影響空運服務到貨日或有機會有所延誤敬希注意⚠️⚠️訂購此貨品需付全數金額請於收到本店回覆後天內過數⚠️所有代購貨品本店不能確保存貨量如遇缺貨將會全數退款⚠️下單後恕不能取消⚠️貨物出門恕不退換日本代購日本直送日本連線貓貓大型購物袋柴犬柴犬購物袋柴犬精品柴犬雜貨,3,1.666706919670105,1,2.5989210605621342
125,愛你愛一生一世🎎稱職的時姓男友💂,3,1.3147929906845093,1,1.2324848175048828
126,休假日常高雄岡山甜點店亮點法式手作我其實只是想拍照我不吃甜點亮點法式手作🍮🍰❤️🇹🇼🌍📅☀️☕難得週末愉快可愛的岡山有如此完美的甜點店❤️我其實不愛吃甜點今天一定要吃完來岡山我請客喔簡愛小巴黎,3,2.5330233573913574,1,3.465497732162476
127,新傳單誕生🤩🥳高雄鋁門窗,1,2.1647865772247314,2,1.1341681480407717
128,📌傻逼⏭️⏭️請問你想當我的小傻逼嗎⁉️😆喜歡➕️⃣好好先生牛牛🐮,3,2.474438667297364,1,1.1393376588821411
129,又整返好一隻好治愈🥰,1,2.257824420928955,3,1.9737188816070559
130,牽緊的手就不要放開了❤️沒有人會像這雙手一樣溫暖❣️兔子迷宮礁溪浴場兔子迷宮景觀餐廳宜蘭景點宜蘭咖啡廳宜蘭礁溪礁溪景點帶我去旅行好想去台灣的吃喝玩樂🐽,1,3.381265878677368,3,1.9702887535095213
131,◽◽◽◽◽◽✨白色情人節🌹精選現貨禮物🎁🍊一包難求🐎大象灰✨🇫🇷歐洲各地相繼再封城，工廠全面停工❌📉包量大減，包價只會大漲📈早買早划算💯中意她一定要先入手👌📍大象灰銀釦📍皮📍最新本月購證全配🍊萬中選一，年度最紅的小愛包，錯過只能買更貴了🙈💎歐洲好貨天天發送：📺➡️🎪➡️💬喜歡我們的商品，要記得幫我們「按讚」➕「追蹤搶先看」喲💋💋💋🛍️購物小官網：💳線上刷卡分期💵現金付款📣一對一詢問或詢價一樣在👉♥️私訊👉代購代購精品歐洲代購歐洲名牌代購歐洲連線名牌代購名牌包包精品代購精品店歐洲精品代購珍珠代購珍珠珍珠名牌珍珠歐洲精品珍珠精品代購,1,2.5466129779815674,3,1.7737047672271729
132,🤭我地好似好耐無見都係嗰句有無掛住我呀✨✨✨✨✨✨✨✨✨✨✨✨✨✨📲對話預約時間和查詢🔍：=✂️✂️✂️✂️✂️✂️✂️✂️✂️✂️✂️✂️✂️✂️✂️🐾上門寵物美容🐾⚡基本沖涼服務包括剪甲，剪腳底毛，清耳毛，洗耳仔，修肚底毛，清肛門腺⚡歡迎查詢服務價錢☎️❤️上門時間為每日-後需加額外外附加費每時需加❣️沙田區除外時間開始將會計小時計算即收多時間開始將會計小時計算即收多❤️解結費為每半小時✅沙田區❕大圍區❕可享優惠愛犬犬上門狗美容狗美容乖乖上門寵物美容上門美容剪毛集郵期待下一次溫馨領養代替購買,3,1.8268007040023804,1,1.9989497661590576
133,🐶話抹完身，搽咗藥膏，唔可以周圍郁😂😂咁我呢個要幾耐✨✨✨✨✨✨✨✨✨✨✨✨✨✨📲對話預約時間和查詢🔍：=✂️✂️✂️✂️✂️✂️✂️✂️✂️✂️✂️✂️✂️✂️✂️🐾上門寵物美容🐾⚡基本沖涼服務包括剪甲，剪腳底毛，清耳毛，洗耳仔，修肚底毛，清肛門腺⚡歡迎查詢服務價錢☎️❤️上門時間為每日-後需加額外外附加費每時需加❣️沙田區除外時間開始將會計小時計算即收多時間開始將會計小時計算即收多❤️解結費為每半小時✅沙田區❕大圍區❕可享優惠愛犬犬上門狗美容狗美容乖乖上門寵物美容上門美容剪毛集郵期待下一次溫馨領養代替購買哥基柯基,3,1.936679005622864,1,1.5828821659088137
134,新品上市🤩🤩歡迎詢問💌,3,2.4929420948028564,1,1.4712408781051636
135,約好久終於約到❤️還不約而同穿同色系的衣服這就是默契🙃🎬今天決定我愛你,1,2.63946533203125,3,2.656449317932129
136,給個說法吧九重葛📷,1,1.4776898622512815,2,1.4042434692382812
137,🌺【墓‮情地‬降師‮專傅‬門定‮的制‬情降血🩸狐仙狐血仙有專下門降功的效墓地持加了十個八月撼震出廟強制方對想你賴依你上愛你的聖物這一針期對輓回師傅門專研的制情降料材包含了種植灣物料被作為❌品」🚫止流通，因‮其為‬功‮如效‬果，如果給‮居予‬心‮測叵‬的人使用，‮壞破‬感情‮姻婚‬甚‮造至‬成違發等，‮以所‬🚫用獨特降情血材料️⃣佩者戴如果戀單可以喜把歡人照的片壓佛在牌下面以可達遠到程下功降效對方在里夢可以常經夢與到你昧曖以加增他你對的感熱情度可以讓方對迷戀你️⃣分要手輓回要把方對照片佛和牌在綁一起在放枕頭下面念咒心許讓願對磁方場和的你磁磨場合一到起讓對與方你增姻加緣緣必分然和好️⃣避情免侶淡冷期冷戰期跟狐許仙願可讓以對方頭低認錯並減少矛盾睦和相處千年行修狐仙料入非常用心墓情地降傅師秘制情降油狐仙血工手畫符符管還有人緣花這一期九尾仙狐採用種人緣要草粉緬甸情花灣勾混迷欣草🙏🙏‮轉́九‬纏឴心឴藤、鎖心⁠̛迷清膏‮加更‬入́牆 ̀大的九‮狐尾‬發源​地的鼎⁢̛級聖⁡料、‮國́中͏五台‮梵山‬仙山̀‮仙狐‬廟前⁠香灰，以及‮西᠋江‬省龍‍‮山́虎‬正一道​天⁢師府⁢̛‮丹煉‬要粉 、可 以說‮史是‬上͏用⁡料醉‮汗強‬的‮尾឴九̀‬狐仙、師⁠̀傅更是加⁠持​了整‮九整‬個月​、❇️‮保確‬其力⁡量強⁢́汗⁢…佩 戴 此‮九尊‬尾狐‮可仙‬以擁‍‮讓有‬人過͏‮不឵目͏‬忘́的⁡魅⁡̛力​只需⁠‮看要‬你一眼，🌟🌟‮可便‍‬情̛定萬年、‮隨̀會‬著̀‮間឴時឴‬變化而變̛化，匯⁢聚⁢̛女性⁢特⁢有́的魅力，改善 容顏，花⁡容⁠月͏貌͏，‮情柔͏‬似水，🔮🔮‮媚᠋̛嫵‬百態́，讓愛⁢人對自‮刻己̀‬骨銘 ́心​，戀​‮不戀‬忘，人見̛人愛឵，風឵‮卓‍姿឵́‬越‍增‍‮桃強‍‬花‍異‍性緣、‮貴旺឵‬人緣、增‮神́加‬秘嫵​媚​魅力 ，輓⁢̀回感情⁡，防⁡小三，防⁠出⁠́軌、讓‮靈你឴‬性͏非͏凡⁡̛。🌟🌟增強⁢人緣，貴́人 ̀緣​，異​性緣͏，讓你‮到走᠋‬哪裡̀都⁠̀‮得឵̀能‬到別‮的人‍‬青睞，讓別‮對人‬你喜愛，❤️戀​戀​不忘̛；可‮幫以͏‬助感情侶夫妻之̛間 的 感឵情⁡，助⁠和‍合‍‮及以‬夫‍妻̛‮事之‬更加和諧，‮對讓‬方對你​不​離​不棄，恩⁢愛如初，🙏🙏防止⁡對方̛出 軌，斬͏斷͏對⁠‮的́方‬外心，收回‮方́對‬的͏心，鎖住‮方對‬的心́，輓回 失​去​的⁠感⁠̛情；提升⁢個人魅力，讓‮看‍你‍‬起⁡來越來越 自信⁡́，‮變̀改‬你́‮磁̛的‬場，讓́你看​起來​越​來越漂⁠亮，🍃讓你整個容人光煥發神采奕奕助事業招財幫生助意讓小人遠離幸運女神永遠圍繞著你,1,1.287005066871643,2,1.5740418434143066
138,很開心又認識了一位美女😍✨✨使用最新接點最小的零重力接髮✨✨各式接髮歡迎詢問我唷🧚‍♀️𝗟𝗜𝗘𝗡🖤🤍此款為零重力接髮吋🥰🤍接髮作品集🖤彰化唯一零重力接髮服務項目零重力接髮💕零重力接髮🔸爆紅人氣款🔥接點超小超隱形✨接點輕盈無感✨睡覺也不會有異物感喲🤍歡迎各位踴躍詢問及預約😜緊急者可以撥請找艾倫副店人氣款👑零重力接髮值最高的接髮超輕盈超無感接點超小超好洗無顆粒感接點少超舒適完全無膠技術不挑洗髮精可維持比一般傳統接髮更久👏🏻✨最多顧客指定款🔥🟥📲接髮活動諮詢➰➰👇🏻點擊此連結👇🏻➰➰👧🏻🟥獨家接髮技術眾多網紅小模主播一致推薦⚜️接髮名師·老師⚜️⚜️多項專利接髮技術提供各式接髮服務⚜️網路評價優良店家👏🏻拯救斷層接髮拯救任何接髮疑難雜症只使用🔝嚴選優等處女髮🔸可燙可染可漂可做任何造型使用真髮特優髮質可重複使用多次🔝多款接髮技術，提供超貼心免費試接服務☀️✨最完善售後服務、整理教學，不會讓妳成為接髮孤兒🖤任何接髮問題歡迎現場諮詢詢問➰⚜️付款方式⚜️接髮負擔變美🈚壓力提供零卡分期服務可現金分期👉🏻期期期期甚至期期❗也可以線上刷卡💳✓轉帳✓現金💰不知道自己要接幾組或多少的都可以詢問我❤️📲接髮活動諮詢🔥🔥🔸只要是新接髮送👇👇接髮專用神奇魔法梳🥇指定級👑ᴀʟʟᴇɴᴅᴇɪɢɴᴇʀ設計師👈預約專線☎️📬📥🏠店址彰化市南郭路一段號🏦六信銀行隔壁華揚市場旁最新接髮技術接髮系統授課講師零斷層接髮零重力接髮微型接髮接髮隱形接髮無痕接髮無感接髮韓式接髮台中接髮推薦彰化接髮推薦,3,2.586766481399536,1,2.232930898666382
139,黏土捏塑櫻花金屬線黏土與結合的作品實在太久沒摸土真的想問你誰啊😅雖然櫻花季早已過還是看看嚕😘教學訂製販售合作歡迎詢問課程與賣場請見個人檔案裡的連結👇教學訂製販售合作黏土捏塑黏土飾物課程可預約團體小班制個人班歡迎才藝教室合作開班台中老貓愛手作,1,2.265910387039185,2,1.2007588148117063
140,超聲波療程做好保養護理準備生寶寶👶🏻客人堅守咁護理好皮膚生活飲食都好平衡做好保養工作準備生小寶寶👶🏻好多懷孕媽媽👩🏻皮膚比較反覆，所以做好保養，調理好，就會陀得輕鬆了😌🌿消炎🌿退紅🌿紓敏🌿提升🌿提亮🌿修復精華消炎補濕中醫泛紅痤瘡玫友暗瘡敏感濕疹天然護膚品護膚品敏感暗瘡肌敏感肌面紅益生菌香薰精華香薰治療玫瑰,2,2.089972734451294,1,1.7191433906555176
141,一分錢一分貨📖,1,1.3419151306152344,2,1.2489947080612185
142,美睫來單根作品又來啦😌。我會接單根睫毛。多根開花也難不倒我的🤓預約請洽官方推薦家人閨蜜下次享回饋金莯棠美學苙棠月已經開放預約嘍♥️追蹤臉書粉絲團評論顆星現折🔺工作室採預約制🔺▪️官方▫️服務項目美睫霧眉熱臘除毛海洋藻針煥膚毛流根源矯正▪️地址：新北市蘆洲區民權路號（三民高中捷運🚇站▫️營業時間早晚▪️獨立工作室蘆洲美睫蘆洲美睫師除毛熱臘除毛蘆洲霧眉海洋藻針淨膚工作室預約經典單根接睫毛腋下除毛全身除毛私密處除毛新北三重五股三民高中站杏花酸煥膚臉部保養莯棠美睫美學改眉薄結痂毛流根源導正眼型微調,1,2.9800074100494385,3,2.709169626235962
143,快去吃鳳梨🍍,1,1.5007725954055786,2,1.3777557611465454
144,疾道德國工藝手工具卡斯博生活👍🏾實車在店🤩現車現領🤩現車現領㊙️預購中㊙️預購中📍未滿️⃣️⃣歲有工作可貸款📍車輛改裝保養人身部份可零卡分期💕愛車全年無休道路救援💕➡️臨時➡️半夜➡️假日➡️都可打專線📲專線️⃣️⃣️⃣️⃣️⃣️⃣️⃣️⃣️⃣️⃣🏍️全省到府高價收購免跑手續🏍️🏁店內營業項目日歐美系新車中古車買賣🚩全省到府高價收購你的愛車歡迎車換車🚩買車賣車換車可協助貸款清償日歐美系車輛專業維修保養安裝行車紀錄器改裝品🚩歡迎車友寄售全台免運費指定地點交車🚩車輛代驗定期檢驗🚩全年無休道路救援✉️線上估價📲疾道訊息線上估價🏠疾道重型機車☎️📬高雄市小港區中安路號📱楊先生📱吳先生,4,0.4070477485656738,1,2.0964341163635254
145,加豹紋坑紋裙😍令檔令料內有褲仔架橡筋腰抵著好多令揀哂色用優惠價購買要公開分享元朗嘉城廣場一樓鋪韓國直送元朗屯門韓國女裝覺得令請給一個讚😘🙏🏻,1,0.7560129761695862,2,0.8514493107795715
146,露西服飾新款上架社團搜尋🔍露西服飾問題請加客服要加喔不回覆主頁有連結到粉絲專頁花蓮市一心街號花蓮服飾店韓國連線韓國代購韓國連線代購台灣花蓮服飾花蓮韓國服飾韓國服飾店花蓮美食花蓮連線代購服飾店文青文青穿搭露西服飾東大門露西服飾網拍網購洋裝花蓮衣服台北台北服飾店花蓮美食,2,1.0084266662597656,1,1.2520569562911987
147,特價🉐椰子👍👍實物拍攝,1,1.6881874799728394,2,1.3115944862365725
148,謝謝這年多以來始終這麼疼我的兩個寶🎂🤍,1,1.360819697380066,2,1.1994706392288208
149,💌客人好評💌黃金神木依霸佛暦師傅古巴材料為黃金神木和純金金箔✨師傅說得已圓寂師公夢中交付需到山林中深處找到神木並以此作聖物他從天未亮就出發一直找到入夜在月亮出現的一刻看到樹林裡有一棵發出金光的樹木便立即知道這就是師公所指此樹枝葉茂密已有上千年樹齡師傅取下其中一截神木制作了聖物據說開光那天附近的善信都能看到整批聖物散發著黃金色的光芒故有黃金神木之名經過長達三年時間逐一雕刻和進行開光加持至力量完滿才正式出廟讓善信們恭請依霸女神是掌管情愛和性愛的女神長期佩戴提升個人魅力令異性極度迷戀及沉迷你的身體令伴侶對自己更親密對你熱情主動慾望需求增加會時常不自覺地想與你親近想觸碰你佔有你每次見面都會想起與你激情的快樂時光對你念念不忘更著緊需要和依賴你覺得你相當誘人吸引每一次的親蜜行為都能令對方更愛你💕依霸女神香膏佛暦師傅阿贊槓介小店只有正法外塗聖物可以恭請能確保材料中不存在任何陰性材料包括昆蟲屍骨屍油等以人緣花瓣花芯人緣木等多種人緣植物所造成依霸女神是掌管情愛及性愛的女神使用後能提升你的魅力令伴侶對自己更親密對你熱情主動慾望和需求增加會時常不自覺地想與你親近想觸碰你佔有你每次見面都會想起與你激情的快樂時光對你念念不忘更著緊需要和依賴你會覺得你非常吸引每一次的親蜜行為都能令對方更愛你令對方極度迷戀及沉迷你的身體🔖注意事項外塗聖物需要時使用即可恭請後可自行決定連續或偶爾使用並不影響其力量和功效注意使用後必須與其他人見面相處才能生效假設使用者塗抹後整天留在家中不管外塗聖物材料多少及功效強大都沒有可體現的對象外塗聖物建議使用量為一天一次視乎個人實際情況例如要面對或處理重要的人事可在之前多塗抹一次但毋須過度使用塗抹後香味或顔色逐漸減少變淡並不影響其功效使用同款外塗聖物過度增加使用次數亦不會無限地增強效果純屬浪費之舉動依霸女神泰國佛牌佛牌聖物吸引異性異性緣旺桃花正牌女神降臨女神美容瘦身減肥復合愛情戀愛愛神心鎖鎖心男朋友禮物女朋友禮物費洛蒙香水費洛蒙性感性感絲襪好評,1,0.9922338128089904,2,1.1580586433410645
150,恋林道伊佐布線進多分本外伊佐布上経由苔落葉🍂林道数年車通形跡無出辿出‼️登山道💦山原隣梅谷農道最大勾配無事坂風景林道,1,0.789190411567688,2,0.8154805302619934
151,老夫老妻的不知道第幾個情人節🕯️✨,1,1.6318492889404297,2,1.4520745277404783
152,陰天午後☁️一直覺得背後有視線在看👀貓猫貓咪橘貓,1,2.772972583770752,2,1.328960418701172
153,小姊姊必款💕鋼鐵蒸氣中和店新北市中和區宜安路號鋼鐵蒸氣佩特里起源悅刻,1,2.243349552154541,4,0.19898366928100586
154,妳木👩🏼啊母奶台🗣️👦🏽👦🏽,1,2.0062971115112305,2,1.3237497806549072
155,日常用餐🍲,1,1.8905962705612185,3,1.9486036300659184
156,的我們🤪好懷念的髮型哈哈哈沒記錄到的現在都要記回來我怕我失憶😂發現手機不少東西呢🤔而且我們的特多奪鬧🤣安安小記住過去的我們好幼齒年輕不要留白😂對岸工作工作記錄駕駕駕🐎🐎🐎很無聊很幼稚但是很純真很可愛🥰我的工作夥伴需要互相平衡的兩位天秤女⚖️維娜巴奈謝謝妳❤️,2,1.6547852754592896,1,1.67612886428833
157,‼️‼️🌸️⃣️⃣️⃣️⃣️⃣️⃣️⃣️⃣️⃣🌸🌸🌸💰🌸,3,2.1248836517333984,2,1.2382442951202393
158,代購台灣系列💕托特手提袋不挑款💕擴香石收納罐不挑款💕香皂公仔鎖匙扣不挑款💕輕量保温瓶可選💕抱枕保暖毯可選💕掛鐘💕隨行包💕夜燈可選💕暖燭燈附香氛燭💕證件套不挑款🌟歡迎查詢🌟可按葆葆媳婦代購查看更多代購商品喔✈️台灣直送香港✈️運費順豐到付✈️付款後直接採購如遇上缺貨全數退回台灣代購零食代購零食代購台灣直送台灣手信葆葆媳婦代購蝦皮代購樂天代購露天代購代購台灣伴手禮台灣美食貓代購台灣台灣代購雙子星美樂蒂三麗鷗,3,2.484770536422729,1,2.7485408782958984
159,宿舍好好拍♥️,3,2.3254048824310303,1,2.1913402080535893
160,✨椿怡團隊✨跟對的團隊帶你上天堂👍今年又多了位年薪千萬的團員不用本金不用手續我沒有時間欺騙你在你猶豫的同時就有新的人補上了不猶豫發大財椿怡團隊,1,2.3613300323486333,3,1.7075452804565432
161,霏上了第一節烏克麗麗之後回家狂練到點但都是同一個和弦啊有點吵靈魂歌者阿禾還幫她唱歌🎤早上送她上學時她幽幽地說昨天烏克麗麗老師說的我都聽不懂😂那昨天晚上練什麼意思的,3,1.785226821899414,1,1.8656673431396484
162,春裝新品上架🛒網美風皺摺平口最新春裝新品亮相🙋🏻‍♀️超級百搭單品沒有不能搭的下身🤪外面套件外搭也更有型哦💙🔜-白黑--🔚🦐皮🧍🏻‍♀️🧍🏻門市取貨嘉義市蘭井街號營業⏰：-🛒-🛒-🛒-🛒-🛒-🛒-🛒蝦皮號➡️韓國選物韓國女裝代購韓國代購連線韓國男裝代購穿搭分享換季換季必買春裝新品亮相街頭時尚歐美穿搭日韓穿搭穿搭技巧嘉義市蘭井街號,3,1.8992931842803955,1,3.331000566482544
163,参加家長會😊,3,1.7979134321212769,1,1.2070162296295166
164,定期聯繫感情🥳🥳🥳結果這次換你們說要幫忙我牽線了😍,1,2.383417844772339,2,1.1489263772964478
165,兩塊雪餅⛄🍘❤️,1,2.0939507484436035,2,1.3080629110336304
166,睡著是天使☺️,3,1.7170525789260864,2,1.2476400136947632
167,快樂忙起來👍,1,2.799566507339477,3,1.8914604187011719
168,環保系列🧏🏻‍♀️,1,1.383741021156311,2,1.1133875846862793
169,👧🏮🇲🇾即便是年代還是千禧年代只要努力守護也會彼此靠近而我們終將相見🖤🤍万寿无疆小姐,3,2.170095443725586,1,2.013854503631592
170,素顏拍照➕個濾鏡一切完美❤️廢文日常廢文無誤廢文少女我最廢🤪素顏美女,1,1.956788420677185,2,1.743021845817566
171,有人要一起嗎目前報名人數人我自己✌🏻歡迎白媽媽粉絲一同參與哈哈還是有誰要去邀我邀我🙋🏻‍♀️白沙屯媽祖徒步往北港進香,1,2.7216484546661377,2,1.4093186855316162
172,真心覺得調理棒是媽媽的好幫手副食品打泥這的很方便👍,1,2.0296523571014404,2,1.6158030033111572
173,真的是圓了小時候想當碧昂絲的夢但那時候胖好多🙂還不小心擋到學長，我真的很抱歉🥲還因為太胖差點站不起來笑死😂真的是爽感一堂課跳錯還是爽❤️最喜歡跟姐妹一起耍🌪️🎵姐妹👭,2,2.431070804595948,1,1.7485942840576172
174,出口單系列出口貨👍🏼記得我地個專頁就有優惠價😉歡迎查詢🙇🏼☎️💬📩👍🏻🏳️‍🌈出口貨連身裙,1,2.5464770793914795,2,0.8331313133239746
175,🇰🇷薄針織背心四色奶白蜜瓜綠淺橙炭黑長🇰🇷碎花短褲有內裡吋🇰🇷韓國入口韓國製造🔖兩件包郵💜兩姊妹經營網店韓國代購年多實體店年多定價比起其他韓國衫店低薄利需要多銷💛小店需要大家支持💕💜網頁💜▫️▫️▫️▫️▫️▫️▫️▫️▫️▫️▫️▫️▫️▫️▫️🟤消費滿即可成為成為會員韓國時裝折代購折生日月份特別優惠同生日小禮物🗯️元朗嘉城廣場號舖🗯️面交可於西鐵元朗至屯門站🗯️順豐到付傘兵🗯️平郵平郵風險需由客人自負新品韓國直送長裙襯衣韓國女裝代購連身裙韓國限定韓國鞋韓國秋裝韓國服飾韓國時裝針織上衣免運費元朗嘉城廣場背心冷衫斯文款斯文新春春裝新品,1,2.0044305324554443,2,1.6982439756393433
176,可愛爆點皮卡丘🥰💌四月開放預約中💌預約詢問請➕西門美甲西門光療西門凝膠西門町西寧南路號,3,2.177649974822998,1,1.487691879272461
177,墾丁的太陽真的肆熱情得斯☀️💛,3,1.7848248481750488,2,1.2767256498336792
178,狗狗可愛鼠了雖然我黑眼圈很深😌,1,1.5278866291046145,2,1.4463212490081787
179,繼續可愛👻👻太胖了讓我遮一下🤭花蓮花蓮景點網美景點海崖谷海,2,1.657361388206482,1,2.0874583721160893
180,首次帶上三寶外宿又可愛又吵又鬧特此紀念🐆💛🐆💛🐆💛墾丁到底要去幾次,3,2.50022029876709,1,2.4063937664031982
181,時尚愛好者追求精緻和時尚珠寶✨帶著時尚而優雅的摩納哥氣息美國網站購買超便宜美寄台運費每磅元✈️免付關稅運費方案✈️美國集貨代運集貨代運首飾業界最快到貨最優惠價格超優質服務,1,0.9696321487426758,2,0.9668586254119872
182,💅🏻➿個人工作室完全預約制➿不接受當日預約▪️預約諮詢詢價含▪️教學不接受網路報價請私訊安排時間諮詢本店採預約制若訊息回覆較慢請見諒☺️,3,2.3686330318450928,1,2.47079873085022
183,⛰️爬山時最適合聆聽內心裡最底層且最真實的聲音但我道行淺只聽得到本人哈的喘息聲😊山系女孩山登,1,3.065638542175293,2,1.6206912994384766
184,因家裡有事🏠原三休假改至二造成不便請見諒🙏,2,0.1891416609287262,4,0.2840917408466339
185,雖然是長髮時期但還是我本人🤪宣傳一下想運動記得找我🙏健工妹子多健身工廠健身工廠水湳廠健身工廠豐原廠健身工廠中清廠健身工廠精明廠健身工廠新時代廠健身工廠文心南廠,2,0.4528241753578186,4,0.6947618722915649
186,灰黑藍色系解開仙女背殺的真面目漂釀😚漂釀😚漂釀😚喜歡的風格髮型髮色都可以跟討論哦❤️☸️頭髮相關問題及預約諮詢☎️請撥打店內電話或請私訊官方預約請提前天👉官方記得📍新北市林口區文化三路一段巷號九揚華峰社區📞💈艾莉沙龍設計師作品集艾莉沙龍九揚華峰社區資生堂燙髮資生堂染髮縮毛矯正燙木馬燙電棒燙字燙韓式髮根燙林口燙髮林口染髮歐拉布髮品天然髮品,3,2.4059042930603027,1,1.2924563884735107
187,寶寶比較不喜歡剪指甲其他都表現棒棒噠👍沒關係慢慢來哥哥姊姊陪你下次會更勇敢你說是不是❤️🐾特寵業字第➿🏠📢適時讓你們家寶貝洗澡美容🛁別讓他們皮膚悶壞囉🐻😽蟲蟲🐛出沒一定要記得預防功課☑️定期點藥☑️定期整理環境☑️定期洗澡美容🎈消毒殺菌除臭次氯酸快帶寵兒來小狗當家桑一下唄☺️⭐洗澡美容預約制⭐一次只服務一隻毛小孩⭐維護美容品質不趕量⭐用心呵護細心照顧⭐全程透明化主人放心寵兒好安心🏡小狗當家☎️預約專線➿💬官方➿📢地址➿宜蘭市嵐峰路三段號⏰營業時間➿-🛎️公休日➿星期日宜蘭市小狗當家萌萌噠🐾洗澡美容寵物美容精緻沙龍寵物住宿溫馨套房美容師視角洗澡美容預約制獨立空間不關籠一次只服務一隻毛小孩維護美容品質不趕量用心呵護細心照顧拍照攝影紀錄每一位毛小孩😽🐶全程透明化主人放心寵兒好安心,1,2.481810569763184,3,1.849616765975952
188,我跟瑱瑱完全就像壞姊姊跟小公主不能在報高中組了🥲,1,1.932685136795044,3,1.8450882434844968
189,摸摸小幫手外拍日🤣,1,1.5807081460952759,3,1.6412398815155032
190,🌲去接觸個大自然回家全身過敏😊果然是個對大自然過敏的人🤪,1,2.0848548412323,2,1.4101121425628662
191,🤎住安平年了才找到這間,1,2.2890028953552246,2,1.379562497138977
192,謝謝星期五完成所有手工填好的新蠟燭準備上飛機✈️來台灣囉敬請期待😃,3,2.058756828308105,1,1.308940887451172
193,山獸神帶路🥰🥰🥰,1,2.66109561920166,2,1.0017290115356443
194,沒有誰活得比誰容易只是有人在呼天搶地有人在默默努力💪公主系列性感模特兒平面模特平面攝影台南藍曬圖文創園區創作創作者人像攝影人像寫真性感寫真文青薄紗妖精的尾巴旅遊旅遊景點旅遊攝影隨手拍小妖精悠閒時光悠閒美腿蕾絲旅行的意義街頭攝影,1,1.1910028457641602,4,0.39403381943702703
195,對鳳梨情有獨鍾的國體🍍國立體大潘柏至李晨薰林立洋大專盃⚾⚡,2,1.4193259477615356,1,1.2908704280853271
196,❤️大英新小一新生說明會￼即將登場囉❤️✅時間週六✅地點大英愛國校高雄市三民區十全一路號✅電話也歡迎私訊大英粉專報名✅各校招生對象民族國小正興國小愛國國小博愛國小十全國小🌟全外師主題美語體驗課：旅遊到荷蘭￼￼🌟🌟新小一家長想要了解的各類升學訊息￼￼，當天也都可以獲得解說唷🌟誠摯歡迎新小一的家長們一起加入大英大家庭🥰🥰各校滿班為止以訂金壓位唷歡迎報名月日的新小一家說會,1,3.1736257076263428,2,1.5231381654739382
197,橄欖石手鏈純銀橄欖石✡️令人心曠神怡，減輕憂慮、緊張、焦躁、鬱悶的情緒✡️更容易接受新事物✡️滲透性既力量，逐漸令個人磁場變得穩定✡️使睡眠安穩✡️化解人際關係之間的是非，化解小人✡️有利正財及事業運發展✡️對應心輪和眉心輪📱📩天然水晶天然水晶橄欖石綠憂慮緊張焦躁鬱悶情緒磁場穩定睡眠人際關係是非小人正財事業運手鏈銀純銀,1,1.6409703493118286,4,2.0348129272460938
198,💡許願骨這款超級有氣質🈶材料使用純銀許願骨純銀珠泰國蠟線條售價元✅📱加入詢問🆔手做轉轉歡迎客製化送禮自用兩相宜情侶手環禮物蠟線編織純銀微笑手做創意獨一無二溫暖點綴你的生活轉轉許願骨蠟繩蠶絲蠟線,3,2.2363076210021973,1,2.48028302192688
199,想要幸運也帶靠自己努力🍀不設限讓我好發揮😋😋😋燙髮染髮起不設限讓我好設計師😆汐止美髮汐止景點耳圈染霧感髮色木馬燙燙髮染髮及肩短髮,3,2.0205426216125493,1,2.9216482639312744
200,🎂🎂玩累了孩子也玩累了大人😃小壽星開心就好👦🏻咁快就歲人仔啦要乖乖聽媽咪話,1,2.732069253921509,2,1.3461410999298096
201,💖💖多啦夢超可愛💖💖月發售🇯🇵日本直送🇯🇵🏆電梯按鍵神器💗全種‼️‼️💥💥💥激減💲個💖💖💖💖💖✅電梯按鍵神器✅防疫手指✅㩒𨋢神器✅防疫小幫手😎🔮款選擇🔶非觸碰匙扣🔶產地中國✨充滿病毒的自動櫃員機電梯制等觸摸任何按鈕而不直接觸摸就需要這款匙扣觸摸按鈕的尖端使用抗菌材料因為是有蓋型所以好安全鑰匙鍊同公仔頭係用磁鐵連住回家後可以拆出公仔頭清潔需要使用佢時再將其安回方便易用✅約✂️✂️月日截單✂️✂️🎁約月底月上旬到香港✈️🌸🌸🌸🌸🌸🌸🌸🌸🌸🌸🌸🌸🌸🌸🚛🚛🚛收貨方法🚛🚛🚛💓💓元朗店自取免運費💓💓📦可選擇最平既中通貨運起🚙車送到家內優惠價由起📨平郵不包平郵風險📦順豐到付起🚨🚨批發請聯絡🚨🚨⬇️⬇️全球批發代購⬇️⬇️💖以下溫馨提示💖❤️請盡量在相片下查詢及下單方便可以搵到您❤️星期六日及公衆假期暫停回覆❤️個工作天未能回覆你請再次聯絡❤️不接急單吹單及無禮貌之客人❤️疫情期間貨品入香港境比較慢同較長時間衷心希望顧客能夠體諒我們會全力跟進💥麻煩落單前慎重考慮💥棄單者必定列入黑名單😡🤬❤️注意事項📌各國貨品有機會到香港才發現商品缺貨比錯貨數量款式如遇到此情況可選擇更換退款📌空運海運可能因各種不明因素影響而延誤到港貨品到達貨倉後才會通知📌已出單之訂單不可取消或更改📌如遇貨品延誤個月以上我們才會聯絡及安排全數轉貨退款📌收件後如有任何問題必須小時內通知才可跟進💥口罩防疫用品貨品代購貨品玩具平行進口貨貨品原單廠貨請留意不能與專門店相比相對質量有可能無咁好請購買前考慮清楚貨品不設退換💥口罩因疫情問題口罩如遇廠家疫情貨運問題有所推遲暫不設退款💥本店未能提供家庭任何套裝全部必有才付款只能盡量配合👆👆👆如對以上條款不能接受者請勿下單🙏多謝支持小店❤️泰國韓國日本台灣代購必買必食捐棺批發,3,2.40008807182312,1,2.7098214626312256
202,🔥稀有配色🔥熱愛檔車的各位千萬不要錯過僅限一台現貨實車稀有配色喜歡就快帶回家疼愛吧‼️㊗️小讓您輕鬆擁有代步車㊗️滿學生有工作➡️小讓你➡️元牽車➕隔月繳費➕讓你無負擔實體店面買的安心買的有保障外縣市提供全台託運服務很高興能為你妳服務喲購車輕鬆簡單方便又圓夢各式車款應有盡有客戶評價讓你更放心購車大優惠分期通通強力過件😍只要分期手續費✨買車好簡單👇👍年🈵穩定工作皆可辦理分期👍過戶稅金強制通通幫你處理到好👍實體店面買的安心買的有保障👍繳款用手機全台超商即可繳費外縣市搭車至台中火車站享有專車免費接送來店快跟我預約試騎吧❤️快速回覆追蹤更詳細熱門速克達🛵勁戰代勁戰代勁戰代🛵🛵雷霆🌟🌟彪虎眾多車款必入手輕檔車系列🔥仿賽街車酷龍🔥🔥野狼小雲豹🔥🔥眾多車款任你妳挑選☝️聯絡資訊我是小很高興能為妳你服務唷❤️二手機車機車機車精品重型機車台中市台中人台中景點重機速克達,1,2.536904811859131,3,1.8385999202728271
203,✨✨✨✨✨✨✨✨✨✨✨✨✨✨📲對話預約時間和查詢🔍：=✂️✂️✂️✂️✂️✂️✂️✂️✂️✂️✂️✂️✂️✂️✂️🐾上門寵物美容🐾⚡基本沖涼服務包括剪甲，剪腳底毛，清耳毛，洗耳仔，修肚底毛，清肛門腺⚡歡迎查詢服務價錢☎️❤️上門時間為每日-後需加額外外附加費每時需加❣️沙田區除外時間開始將會計小時計算即收多時間開始將會計小時計算即收多❤️解結費為每半小時✅沙田區❕大圍區❕可享優惠愛犬犬上門狗美容狗美容乖乖上門寵物美容上門美容剪毛集郵期待下一次溫馨領養代替購買柴犬,3,2.2090463638305664,2,1.3387537002563477
204,🤍享受當下的氣氛穿上喜歡的衣服拍下浪漫每瞬間聊聊最近身邊大小事咖啡廳就是有這種魔力喜歡綠河帶給我們的感覺可是餐點對我來說一次即可哈哈哈哈😊😊台北咖啡廳新店咖啡廳🤍,1,1.9376113414764404,3,2.1416382789611816
205,代購小王子唯一珍愛玫瑰與狐狸成人醫用平面口罩片盒💗另有時尚迷彩草莓童話盒台灣順豐寄香港運費到付✅通過國家檢驗標準▪️材質防潑水不織布融噴不織布親膚性不織布▪️有效隔絕飛沫粉塵花粉等微小粒子▪️食品級顏料彩色印刷安全無異味▪️台灣製📨搵我地代購啦😍😍😍😍😍可以代購埋其他台灣商品有網址既都可代購請直接網址俾我地♥️到時一齊寄出😊💗網站💗💗💗⛑️⛑️⛑️戴返頭盔先▪️不接急單一般代購大約工作天請勿催單▪️完美主義者請慎重考慮或者繞道而行感謝您▪️已代購成功的訂單無法取消▪️每台電腦螢幕設定值不同顯示也會略為差異商品以實品顏色為主不接受以色差為由的退換貨▪️有關代購商品本店只擔當代購的角色並無責任確保商品之品質所有代購商品均不設退換▪️如派遞過程中貨物損毀負責請直接聯絡順豐本店恕不負責▪️商品會依台灣市場上售價不定時變動價錢請買家們體諒唷▪️‼️如代購不成功，該商品款項將會以轉帳退回。請放心💗香港網店香港人台灣代購香港台灣代購台灣代購蝦皮代購台灣口罩小王子口罩小王子玫瑰與狐狸口罩小王子口罩口罩,1,2.6294479370117188,2,1.639173150062561
206,永遠可可愛愛的❣️,3,2.356647253036499,2,1.2000335454940796
207,📉第屆國際貿易大會考📈⏰報名日期💰個人報名💰團體報名人以上⏰考試日期依試務中心公告為主🏫考試地點台北中壢新竹台中台南高雄澎湖📝考試科目國際貿易專業知識❗❗❗❗為協助應考生大會提供歷屆試題題本免費下載參考詳情請見官網圖片擷取至官網🔗表單在主頁,1,2.0014078617095947,4,1.564145803451538
208,聽說今天是白色情人節🌼,1,1.4356122016906738,2,1.2600643634796145
209,學習擁抱不完美正視缺點才能往更好的自己前進在這世界上沒有人是十全十美但我們努力盡可能活成自己想要的完美時時刻刻的檢討😌😌喜歡這一系列老公拍的照片💯💯,1,2.3276641368865967,3,2.4791007041931152
210,快樂🥱❤️,1,2.5379550457000732,2,1.3669458627700806
211,嫁左去德國既客人終於返黎喇我又可以正到甲好長喇🤓銅鑼灣美甲店樓上鋪歡迎來圖報價預約及查詢💅🏻美甲手甲修手修腳彩繪手繪畫花美甲樓上鋪香港銅鑼灣,2,1.7495369911193848,1,1.9006025791168213
212,客人寄賣💢秒殺項目❗😍卡鑽石戒指💍抵買之選🔥超靚💥全港最平❗只限一只💥錯過了肯定後悔❎💎證書💎歡迎換石✅預約👍客人一致好評網上人氣🥇預約💟現金回收鑽石💟歡迎換石全港貨量最多👩❤️💋👨的鑽石樓上舖親臨品鑑高級珠寶系列臻品🥇鑽石搜尋家採購自世界各地高淨度鑽石鑽石彩鑽卡裝鑽石手鏈吊咀耳環等高性價比💥拒絕花巧💥明碼實價💥堅持薄利多銷本店提供匯豐東亞信用卡分期✅榮獲香港旅遊協會頒發優質服務證書✅香港零售管理協會頒發正貨標籤✅專業團隊盡力照顧每位客人不同的需要✅專業珠寶師提供單對單顧問服務特設網上報價🙋♀️🙋♀️展覽廳尖沙咀寶勒巷號盈豐商業大廈樓🎥官方🌈鑽石專門店求婚戒指鑽石戒指鑽石鑽石吊咀鑽石耳環鑽石樓上鋪,1,2.8798954486846924,3,1.9633138179779053
213,🌿山中有林林中有鹿🦌而我的眼中只有你追蹤我們🏠皇朝店地址澳門宋玉生廣場號環宇豪庭地下及閣樓座📞皇朝店電話🈺營業時間：-🏡氹仔店地址氹仔奧林匹克大馬路號花城地下座☎️氹仔店電話🈺營業時間：-（星期一至五）-星期六日澳門花店自然花藝花藝設計植物庭園風自然田園風盆花盆栽生態瓶植物生態瓶植物盆栽,4,1.5908284187316897,1,1.166555404663086
214,新品預購久違的新品預購來了這次精挑細選了幾款春夏新品走的依舊是百搭實穿風格😎▪️米色休閒工裝褲▪️預購價元▪️運費一律收取元也可以約時間面交▪️收單時間晚上點▪️直接私訊購買▪️影片麻豆顏色米色材質棉麻尺寸⚠️韓國女裝皆為正韓商品⚠️商品皆為預購制結單後需等待天⚠️預購商品皆為折扣價售出後無法退換貨請仔細思考,1,2.0626780986785893,3,2.2368667125701904
215,一個男人為妳戒煙戒酒戒檳榔是挺偉大挺有骨氣更有骨氣的是從妳媽借她的女兒把在捧在手心給她無人能比的寵愛😁,1,1.7587171792984009,2,1.288112998008728
216,要畢業了🥺🥺,3,1.795215129852295,2,1.2517434358596802
217,🦭顆顆讓老王荷包大失血一天🤑💸💸謝謝你全年無休總是對我耐心滿滿細心寵愛我會繼續乖乖不長大黏著你滴😽不專業的食記回來了這次點了美國極黑牛套餐和牛套餐不得不先稱讚一下這家在調味食材以及烹飪的技巧上真的是相當優秀呀😝以下稍微來評論幾道比較驚艷的菜色印象超深刻的法式鴨肝佐年波特醬表皮煎的微酥香氣十足又鮮嫩多汁配上特製的波特醬跟黑松露歐買尬超合拍真的滿分好吃再來是最期待的和牛有點忘了當天提供的是飛驒牛近江牛還是啥入口即化的軟嫩口感脂肪香氣與鮮嫩肉質綜合起來無庸置疑就是完美啦不過相信吃過和牛的人都知道和牛真的很油很容易膩但讚真的很厲害份量可以拿捏的剛剛好不會讓你有絲毫膩的感覺但又讓你吃得滿足還有他的舒芙蕾蓬鬆的外觀上淋了些香草醬有點可愛香味濃郁不膩口鬆軟綿密又濕潤的口感完全是我目前吃過最好吃的舒芙蕾其實我也沒吃過多少舒芙蕾啦可是那個塌陷速度真的好快🥲最後最棒的是店家知道我們來慶生居然還現做一個生日蛋糕給我們甚至點了蠟燭🕯️）非常的有心啊🥺🥺🥺然後這塊生日蛋糕也是不得了，鹹甜爽口的奶油配上海綿蛋糕體，表面撒上滿滿的杏仁脆片作為點綴，同時也增添了口感上的層次，看似一般普通的蛋糕，吃起來卻不簡單，這個我給過🥰畢竟我可是個不吃奶油的人這餐吃下來真的非常滿意用餐環境很舒服也很自在當然服務也是相當周到感覺師傅會觀察客人用餐的速度所以不會有那種還沒吃完旁邊就又來了一盤的壓迫感整體來說真的很推薦可以去吃吃看喲,1,1.6589367389678955,2,1.4502232074737549
218,要記住現在的開心唷長大就會覺得吹蠟燭切蛋糕很乾了🤣🤣🤣歲萬歲願你有個自由的靈魂健康的身體永遠愛笑的眼睛剩下的讓大人替你努力吧❤️❤️❤️生日快樂,3,1.9708993434906008,1,2.18791103363037
219,熱賣款❤️彩色幾何圖形➖➖➖➖➖➖➖➖➖🌹時間每週二四五六日-➖➖➖➖➖➖➖➖➖🌹營業地點瑞豐夜市第四排第十排➖➖➖➖➖➖➖➖➖🌹寄件方式有郵寄蝦皮好賣➖➖➖➖➖➖➖➖➖瑞豐夜市第四排第十排垂釣耳環正韓耳環南韓飾品免費改夾新款耳環方塊幾何圖形三角型,3,1.564034104347229,1,2.4640066623687744
220,黑色幻影💅🏻🔸本店施作凝膠包含修型前置保養加增厚🔸保固天非人為可回補🔸需提前️⃣天預約才可享當月優惠🎀新客首次提前天預約可享消費滿千折百卸甲卸睫除外🎂當月壽星提前天預約滿千可打折需出示證件📲預約專線橘子🔎私人🔎官方🔎📍地址台南市永康區自強路號美甲設計凝膠美甲美甲光療凝膠光療美甲光療指甲凝膠彩繪咬甲矯正比賽靜態美睫第三名台灣區美甲靜態競賽第五名美睫美睫美睫指與你相遇藝術美甲美睫台南永康台南永康美甲台南美甲永康美甲刷染美甲暈染美甲法式美甲漸層美甲永康美睫手足保養深層保養熱蠟除毛熱蠟美肌黑色美甲,3,1.6578809022903442,1,2.0650596618652344
221,大家早安👋今天適合沈澱心思好好放鬆自己一下😌蠟筆小新櫻桃小丸子語錄哆啦夢的語錄女人愛美日記厭世人生對症下藥星座好朋友牡羊金牛雙子巨蟹獅子處女天秤天蠍射手魔羯水瓶雙魚肥大叔帶我去旅行吃貨日記十二星座牡羊座金牛座雙子座巨蟹座獅子座處女座天秤座天蠍座射手座魔羯座水瓶座雙魚座星座星座排行星座語錄星座好朋友每日運勢,1,2.111003875732422,2,1.2301985025405884
222,優格水果沙拉謝謝友人送的草莓🙏🏻很美好的沙拉點心🍓優格水果麥片優格沙拉草莓🍓草莓季,1,2.1828856468200684,2,1.4073987007141107
223,情人節快樂❤️,1,2.5052521228790283,2,1.351803183555603
224,⭕⭕-‼️-⚠️🧸,1,1.1069719791412354,2,1.2382442951202393
225,徒步環島腳腫幾乎都在休息的一整天終於等到從基隆來的鞋子了不敢再穿拖鞋跟涼鞋走路腳肯定發炎的🥲穿上鞋的第一個想法歐耶終於走得到車站搭車回家了行程走到車站搭車回基隆🃏,1,1.8271952867507928,3,1.793992519378662
226,🐮❤️一年前哥哥穿一年後弟弟穿一樣可愛到融化誠誠,1,2.655593156814575,3,2.666887044906616
227,年月號再為善信去屈間斑柏供請供奉型✨🇹🇭泰善舍小助手的叔叔又繼續拜訪供請中🙏✨龍婆潑廟✨屈間斑柏✨龍婆潑還跟隨過拉胡名師真正的拉胡王龍婆耐屈史實燙學習過修練過法術👍除此之外龍婆潑還是一個大慈善家多年來不斷努力為寺廟進行不斷修復嘅工作還有他是分注重教育這一方面所以分受到村民嘅愛戴😍而且村民只要聽到師傅需要幫忙，都會有錢出錢，有力出力🙏🙏🙏原廟供請一假賠百💪🏻📱📱龍婆本龍婆自身牌人緣招財魅力狐仙佛牌泰國佛牌泰國直送女神網紅台灣台灣佛牌台北台灣網店台灣網紅,1,1.6101975440979004,2,0.6097379922866821
228,紙本目錄正式走進歷史電子版目錄❤️🌍加密屋年彰化鑀得恩,1,2.4890365600585938,2,1.6154078245162964
229,✈️🇫🇮💥現貨中💥布料💁🏻‍♀️圖中是防水布中花💡最多人訂是即係防水枱布比起香港啲款會多啲同埋平啲架💡專門店要💡如果有朋友新居入伙仲正買黎送比人非常實用又靚喎💁🏻‍♀️睇下仲有咩家品就下喇🔹🔹🔻🔸🔸🔻🔹🔹🔻🔸🔸🔻🔹🔹🔻📢請大家直接我喇💬最好💬🔹🔸🔹🔻🔹🔸🔻🔹🔸🔻🔹🔸🔻🔹🔸🔻芬蘭代購枱布家品家居佈置家居用品入伙禮物新屋入伙禮物枱布代購,1,1.514272689819336,2,1.1872400045394895
230,苦等久等新款涼鞋上市啦🧚🏻特別採用鞋底設計穿上舒適又有彈性☁️☁️為了迎接夏天🌞這些透氣鞋款還是必備的吧🤍黑白兩色男女尺寸都有哦歡迎至門市試穿體驗👍🏼📍新光三越南西三館樓來南西最貼心❤️,3,2.800666332244873,1,2.187314510345459
231,🪄醫學維淡斑精華➕醫學速效去粉刺淡印精華🪞⚔️有效對抗⚔️口罩肌痘痘肌⚔️去印淡斑⚔️預防暗瘡印⚔️全方位改善粉刺暗瘡同色素困擾🤍安白精華配埋安白濕敷貼，亮白效果更明顯🤩醫學維淡斑精華安白精華天安白去痘淡印速效安白,1,2.0638484954833984,2,1.9576550722122192
232,♥️客訂💎🌟星級價過萬粒鑽石庫存批發價出售點擊以下官網鏈接🔗搜尋心水鑽石即時跟進報價📍官方網站：🎊客訂成品🎉對戒系列🔶只限尖沙咀店🔶🚩地址尖沙咀赫德道號樓室🌈現時購買仼何產品💎即時贈送👉🏻揀花盒一個售價💰💝🎁🌹豬豬公仔一對售價💰）🐷🐷🌟數量有限😉手快有有興趣可以向我們查詢☎️或者預約到店內試試☺️💍🔨本公司自設工場親身體驗師傅鑲嵌工序💎揀岩鑽石睇住師傅鑲👍🏻🕰️鐘錶回收💰💍珠寶首飾回收💰💎來石鑲嵌🔎🖍️起模訂造📝😝如唔啱心水，點擊聯絡我們搵石報價啦😘電話查詢：🔍👩🏻‍💼📲🧑🏻📲本店提供中銀渣打匯豐信用卡分期🔥榮獲香港旅遊協會頒發優質服務證書🔥專業鑽石團隊盡力照顧每位客人不同的需要🔥專業鑽石顧問提供單對單服務特設網上報價鑽石戒指翡翠玉器結婚戒指鑽石鑽石耳環鑽石手鏈鑽石手鐲鑽石頸鏈求婚神器求婚戒指小清新線戒純銀情人節禮物訂婚戒指禮物週年紀念禮物鑽石情侶對戒鑽石樓上鋪彩色寶石藍寶石紅寶石綠寶石寶石戒指,1,2.4340200424194336,2,1.1517270803451538
233,給自己一個時間去沉澱沒有公主命硬要當神經病世界上什麼都有就是沒如果😌,1,1.2304457426071167,2,1.1842865943908691
234,現在就是換季整理廢毛的好時機▶️每當換季時覺得家裡都是掉毛嗎▶️每天怎麼梳都梳不完▶️廢毛代謝不良引起皮膚黴菌酵母菌▶️不想給寶貝剃毛但又擔心他太熱有以上幾點困擾都可以來做專業的整毛項目美容師會依照當次除下來的廢毛量決定收費約會拍照給把拔馬麻看整理下來的毛髮您要帶回家也可以喔一個換毛期間建議可來施作次搭配洗保養浴幫助狗狗整個換毛期更順利減少換毛季的皮膚困擾減少家裡落毛量🤗保養浴森美沐場最受歡迎的洗澡加值項目寵物專屬頂級護膚配方顛覆一般傳統洗劑溫和清潔補充肌膚水份及維持健康皮脂層不含藥性不傷身舒緩搔癢減少皮膚異味定期施作可維持良好的皮膚狀態毛髮豐盈亮麗告別化學成份及過多香精造成的敏感及傷害💕🌳皮毛照顧好，可愛沒煩惱🌳🔰輕微皮膚問題推薦［保養浴］🌿🔰嚴重皮膚問題推薦［皮毛護理］🌿🔰長期耳道問題推薦［耳道護理］🌿️⃣洗澡包月天方案預付次送次️⃣洗澡包月天方案預付次打折🚩預約方式一對一服務請提前天預約️⃣森美沐場：⭐⭐⭐⭐️⃣私訊森美沐場寵物沙龍皮毛養護️⃣私訊️⃣來電：☎️狗寵物毛小孩狗掉毛狗皮膚狗耳朵狗搔癢換毛台南寵物美容台南寵物剪藝台南幼犬洗澡台南柯基美容毛柔皮毛養護,3,2.3922138214111333,1,1.7430598735809326
235,生活就是反覆由日子編織而成的舉步維艱📷❤️,3,2.203711986541748,2,1.2047574520111084
236,美甲作品▫️採預約制服務▫️ᴛᴇʟ▫️ʟɪɴᴇ▫️ᴀᴅᴅʀᴇ新竹縣竹北市勝利六街號▫️最晚預約時間▫️建議一個禮拜前預約▫️美睫產品皆經認證▫️紋繡產品皆經及歐盟檢驗合格漾睫概念美學竹北美睫竹北美睫推薦竹北接睫毛新竹美睫新竹美睫推薦新竹接睫毛竹北紋繡竹北紋繡推薦新竹紋繡新竹紋繡推薦竹北美甲新竹美甲竹北除毛竹北美睫教學新竹美睫教學竹北飄眉竹北霧眉竹北眼線,3,2.71234130859375,1,3.2296836376190186
237,🙉💗我們班不管怎樣都很嗨欸笑死今天也超好玩最後搞得跟命案現場一樣就超迷惑最後影片開聲音,1,1.7865214347839355,2,1.489758014678955
238,冷灰棕男生髮型線條染漸層公休日為⛔固定每週一⛔❇️線上預約查詢☎️當日預約✨✨✨✨✨新竹美髮新竹染髮特殊色新竹燙髮竹北竹南頭份,3,2.5855729579925537,1,2.993285655975342
239,久違的有人突然想玩我們的抽抽樂小遊戲😂😂😂結果兩抽就抽到今天的酒錢有著落啦🎉🎉🎉🎉週五了是不是該來找我們啦😘週五狂歡之夜啤酒五送一可樂娜送,1,2.336991310119629,3,2.4044058322906494
240,🌟美甲作品集靈感來自媽媽的手鐲我媽媽有次說要把她手鐲送我，結果變胖了拔不出來🤣太可愛了💕美甲師地區桃園市中壢平鎮區可作到府服務到府價位另計採預約制討論款式詢價預約凝膠美甲光療美甲美甲指甲彩繪平價美甲美甲工作室到府美甲中壢美甲中壢光療中壢凝膠桃園美甲桃園光療桃園凝膠平鎮美甲平鎮光療平鎮凝膠預約預約制採預約制男生美甲女生美甲,1,1.7494308948516846,2,1.5188032388687134
241,片頁閒聊鮭魚事件我們沒有人會做這麼衝動的決定於是只能派出最小隻的店寵阿佛跟風😅阿佛表示我改了也吃不了😓而且雖然我是龍貓但吃不了魚啊😫所以結論就是人千萬不要一時的貪小便宜造成終生遺憾甚至以後的小孩也叫鮭魚😓（我身邊如果有這樣的人，我一定笑他一輩子🤣🤣🤣🤣請勿跟風不良行為請勿模仿阿佛還是乖乖叫阿佛鮭魚之亂,2,1.6696107387542725,1,2.192171335220337
242,🔥指甲凝膠羅東粉霧啞艺术予約詢價課程諮詢請➕🎀🎀🎀🎀🎀🎀🎀🎀🎀🎀🎀🎀🎀,3,2.1243836879730225,2,1.5181961059570312
243,客製化❗優惠活動注意事項請看置頂文公告圖❗💋固定每個禮拜一公休⚠️採預約制⚠️預約詢問一律用💁🏼‍♀️,1,2.351860523223877,2,1.2768405675888062
244,不經歷風雨怎能見彩虹成功總在風雨後勇敢的嘗試是邁向成功的第一步一切美好的願望不是在等待中擁有而是在奮鬥中爭取💪🏻人生永遠沒有跨不過去的坎正因為都是上坡路的時候你才會那麼吃力💦相信自己相信過程時間會給出最好的答案,1,1.8356274366378784,3,1.8944354057312007
245,期待拿鐵寶來陪菲菲一起長大🥺😍🥰,1,2.9228911399841317,2,1.1309006214141846
246,討厭的季節差不多要過了慢走不送☺️,1,1.918189525604248,2,1.0199635028839111
247,韓國全息花玫瑰滿天星星只愛你新產品🌹中束全息花可即日出貨❣️先詢問❣️一般時間乾花需兩星期前預訂❣️單枝正價無需預訂一束枝正價預購價加燈絲帶顏色可簡顏粉紅粉紫白黑藍🌸全息花能折射出不同顏色美麗夢幻的彩虹光掌握在美美的你手上🌸不凋謝如鑽石般折射出華麗🌹彩虹七彩玫瑰花語完美幸福❗請多多包涵✨白色情人節白色情人節禮物花店韓式花束情人節情人節禮物情人節花韓國花花束全息花永生花保鮮花玫瑰花玫瑰花韓國日本禮物香港花店生日禮物女朋友禮物男朋友禮物週年禮物週年紀念格仔鋪手工禮物禮物訂製支持本地創作,3,2.648171901702881,1,2.971135139465332
248,花花草草🌿,3,2.2912158966064453,1,1.289537787437439
249,✨✨有興趣就聯絡我地啦📲👇🏻👇🏻太子聯合廣場樓舖樓梯上一層轉右～韓國韓國代購,1,1.6841621398925781,2,1.4085361957550049
250,可愛成這樣🥰🥰🥰我以後一定是惡婆婆🤪我是小帥陞,1,2.9272241592407227,2,1.2059333324432373
251,♥️🅂🅄🄼🄼🄴🅁🅂🅄🄼🄼🄴🅁♥️💮靚短褲大推介❤️💛🧡棉💯🥰🥰📣🔍𝙎𝙞𝙯𝙚-㊟圖中👧🏻👦🏻高著偏闊🔍-----🛍️現正接受預訂📲🔎歡迎查詢韓國直購✈️✊🏻主打中性童裝親子裝🤍童裝親子裝母女裝母子裝情侶裝香港網店,3,0.9791093468666076,1,2.40748143196106
252,吃飯時間到❤️,1,2.709082841873169,2,0.3504108190536499
253,這個要看潮汐才能順利看到的貓洞😺真的超級可愛。找過人臉側面岩🗿、看過麻吉洞🚗花東海岸真是處處驚喜萬分👍👍👍孩子的童話故事台東,1,2.113680124282837,2,1.7180659770965576
254,與神同行快到無輪👍綑邊行山路線大嶼山行山,1,1.126952052116394,2,1.0107215642929075
255,霧眉節省上妝的時間避免掉妝沒有眉毛的尷尬解決眉毛怎麼畫都不對稱的困擾老師的高端霧眉👉🏻眉毛長在眉骨上👉🏻眉頭淡眉尾收尖到虛化👉🏻無邊框感眉毛立體有層次👉🏻修飾臉型👉🏻精緻五官⭕絕對沒有蠟筆小新尷尬期⭕符合個人臉型且兼具時尚美感⭕檢驗合格半永久色乳不含重金屬後期不變色⭕拋棄式材料衛生安全➡️改紅藍黑眉✳️贈個月內免費補色次❌蟹足腫懷孕哺乳不可以老師介紹第四屆國際青年創意美學競賽評審委員國際美容美髮技能競賽國際評審第三屆世界金繡盃紋繡美容藝術大賽眼部設計冠軍國際美容美髮技能競賽國際紋繡霧眉眼唇完成組季軍一二級美睫師合格檢定國際盃美甲美睫紋繡技能競賽美睫自由組紙上競速金獎國際盃美甲美睫紋繡技能競賽美睫自由組接延長技巧金獎台北霧眉台北霧眉推薦東區霧眉霧眉霧眉推薦紋綉教學紋綉課程霧眉課程歐美霧眉霧眉教學北區霧眉推薦台北美睫美睫推薦東區美睫美睫北區美睫推薦高端霧眉霧眉作品霧眉飄眉紋繡眉毛眼線紋唇微笑唇口紅光影霧眉紋眼線美瞳線隱形眼線,1,2.2717268466949463,2,2.2925291061401367
256,長銀包藍🤍歐洲現貨,1,1.6249141693115234,2,1.3744111061096191
257,麻麻的小麻豆🐰萌慘❤️❤️❤️手機容量爆表不是沒原因的當然是🈵🈵的布丁照😍布丁真的很適合代言各種領巾衣服☺️即將快兩歲的布丁🐰兔子布丁日常🐰,1,2.11655592918396,2,1.0141278505325315
258,時間滴滴答答黑色的手錶美美的💖💖💖💖💖💖💖💖,3,2.5092363357543945,2,1.3029229640960691
259,兩個蕭婆冷的要死跑到海邊一個路過的阿伯說去衝浪啊🏄‍♀️拍完大概幾分鐘就下大雨🥲,1,2.0098986625671387,2,1.777517318725586
260,真開心❤️很隨意的一日遊,1,2.9161393642425537,3,2.133675336837769
261,藝術美甲美睫☎️🆔❣️統一線上預約⏰：-：🚇忠孝敦化號出口附近🚩敦化南路一段號-（敬請多多利用預約，有空檔時就會抽空回覆，有問題都歡迎詢問💁我們採預約制歐（在忙碌時手機不會接聽唷～藝術美甲美睫手足保養凝膠指甲美睫嫁接ジェルネイルマニキュア美甲凝膠指甲光療💅美甲師忠孝敦化台北東區,1,1.8505561351776123,3,2.3643019199371342
262,順暢😎😎😎,1,1.442785143852234,2,1.1255830526351929
263,拜托養小動物有點常識好嗎帶🐰出街用籃都算無野食無水飲仲要打算入迪士尼想寄托下都知道不能啦🐰兔兔唔係玩具呀自己整隻黏土又好整樣代表佢既野入樂園又好都唔好搵真兔條命玩啦孤伶伶一個🐰好慘㗎😫😫希望唔會再有依啲新聞扔貓入洗衣機已夠荒謬領養代替購買永不棄養圖文不符,1,2.41717267036438,2,1.9175366163253784
264,快樂的果果公主🥰🥰🥰每個笑容都好療癒喔🥑🥑愛寶貝的堅持🥑🥑❤️愛寶貝團隊有著連家長都佩服的專業及耐心❤️我們不請專業模特兒也不拍樣本只客人的照片❤️真正駐店團隊不會讓您看到網站樣本跟您消費作品有落差❤️我們高值讓家長的預算花費在真正的技術回饋而不是在廣告費❤️每場拍攝後都會每日消毒殺菌確保環境安全讓家長更安心💕🎈官方🎈門市客服專線📍門市地址新竹市西門街號四維路西門街交叉路口向天公壇方向轉進新竹兒童寫真新竹兒童寫真新竹寶寶照寶寶照親子寫真成長紀錄全家福嬰幼兒孕婦寫真新生兒抓周寫真全家福攝影寶寶攝影寶寶幼兒專業攝影棚月子中心兒童攝影親子寫真大全家孕媽咪育兒家庭寫真家庭寫真新竹愛寶貝攝影工作室,3,2.8391470909118652,1,2.6504976749420166
265,這系列我覺得海草比我辣可惡📷大坪海岸瑞芳基隆景點,1,1.4204339981079102,2,1.3258455991744995
266,我的兩個大寶貝❤️,1,2.554760932922364,2,1.3180397748947144
267,米奇老鼠版😳😳😳有意請💌冒險樂園夾公仔冒險樂園夾公仔人生夾公仔夾公仔聖誕套裝聖誕禮物公仔吊飾可愛美國冒險樂園夾公仔機夾公仔達人夾娃娃日本夾公仔趴趴公仔米奇老鼠公仔米奇公仔公仔杯緣子公仔趴趴米奇米妮米奇米妮公仔,3,2.492631435394287,1,1.6570206880569458
268,🎉恭喜三井店中店即將成立，也感謝🙏🏻公司給我這特別的學習經驗❤️雖然一個禮拜前一陣茫然的接獲通知而演講前一晚得知時間變還是需要小抱怨一下😂講師初體驗💪🏻,3,2.725632667541504,1,2.089972734451294
269,又變冷來吃羊肉爐😋😋,1,1.4758124351501465,2,1.476402759552002
270,身邊大概少數願意陪我去爬山的人💕,1,2.278109312057495,2,1.1927083730697632
271,歡迎休假期間貓咪入住喔特寵業繁字第號貓咪平價住宿來了📌小時攝影機觀察動態📌按時餵食換水📌定時消毒殺菌📌空曠舒適的貓咪遊戲空間📌幾種不同造型住所皆可挑選🌟限時活動開跑啦歡迎各位好友把好康推廣分享喔全天侯開放預約住宿囉🎉來店住宿臉書跟打卡與分享下次住宿可抵免一天住宿費用限同一隻寵物使用🎁一個月內住宿滿天贈送公斤飼料包店家擁有保留或更改活動之權利新增服務項目代毛小孩飼主在您家顧貓遛狗歡迎加詢問手機賞貓住宿位置寶飛寵物瘋狂貓爪子台中市太平區中和街巷號營業時間星期一星期五-星期六星期日-寵物寵物美容洗澡太平寵物店台中寵物店寵物飼料寵物住宿寶飛寵物瘋狂貓爪子寵物認養寵登查詢曼赤肯美短英短布偶貓寵物飼養詢問寵物買賣寵物鮮食寵物死亡貓奴貓星人寵物保險,2,1.6729494333267212,1,1.5182031393051147
272,標準鋼筋加水泥的分不開❤️,1,2.3640294075012207,2,1.1872529983520508
273,超優雅既🍋✅預訂款約天到貨✔️順豐速遞到付📲🛒先轉賬才確認訂單💳中銀恆生轉賬耳夾日韓韓國款韓國製韓國化妝品代購韓國貨方扣鞋方扣高跟鞋雪紡碎花洋裝碎花碎花控碎花穿搭韓國連線韓國製韓裝穿搭格仔,1,1.04277765750885,2,1.575358271598816
274,不是夢😜😜,1,1.9385671615600584,2,1.0684610605239868
275,❣️我只需要你改掉你的壞脾氣😅,1,1.6434756517410278,2,1.268162488937378
276,💈韓式木馬捲💈🈯韓式堆疊式燙髮讓細軟塌直的髮絲形成有彈力蓬鬆的造型手吹乾即可💁🏻‍♀️💕喜歡記得按讚追蹤並儲存💕女生燙髮女生髮型細軟髮韓式木馬燙中正區美髮設計師古亭站台灣台北,3,2.244114398956299,1,1.6751755475997925
277,項鍊尺寸公分英項鏈鉤扣綴以路易威登英文字首字正面鑴刻標誌🦐皮🧍🏻‍♀️🧍🏻門市取貨嘉義市蘭井街號營業⏰：-🛒-🛒-🛒-🛒-🛒-🛒-🛒蝦皮號➡️韓國選物韓國女裝代購韓國代購連線韓國男裝代購穿搭分享換季換季必買春裝新品亮相街頭時尚歐美穿搭日韓穿搭穿搭技巧嘉義市蘭井街號,1,0.7692869305610657,2,1.1025722026824951
278,沒來過的真的可以來體驗看看😂教練們都很幽默也很專業🖤只需要一台🍎機怎麼拍都美🤣☑️預約沙灘車歡迎找他👉🏻沙灘車花蓮天空之鏡沙灘車天空之鏡情侶情侶拍攝熊哥天空之鏡沙灘車熊哥,1,2.3481824398040767,3,2.509404182434082
279,到老都要幫你過生日🎂💖,1,2.612312078475952,2,1.1239451169967651
280,如果有人說職場上不能成朋友那從今以後我們都會是了👭🏻❣️,1,2.2851157188415527,2,1.135101318359375
281,指甲凝膠羅東粉霧啞艺术予約詢價課程諮詢請➕🎀🎀🎀🎀🎀🎀🎀🎀🎀🎀🎀🎀🎀,3,2.4281787872314453,2,1.5181961059570312
282,沒有成為嚮往的自己也要把生活過得有朝氣😉😉手寫字跟抄語錄嘉義生活語錄生活照情侶好去處那些電影教我的事好想去旅行風鈴木台林橋黃花風鈴木旅行好人繋,1,1.7673603296279907,2,1.613895297050476
283,太極拳年前歳可愛楷楷跳舞被阿公說是打拳三年前的透瓦跳舞則是被阿嬤說是騎馬🤣天使令和日台育児兄弟兄弟育児一打二媽咪日常,1,1.3516241312026978,2,1.2912451028823853
284,📷實拍系列📷喜歡的歡迎私訊下單📲官方帳號加入請備註說明帳號您的私人店舖😘選對品質省的不只一點🤏,1,2.9263422489166264,2,1.3897072076797483
285,🏁計程車行📣〓中壢區〓【服務】📣☎️室內電話☎️手機電話☎️投訴專線🏁計程車行📣〓中壢區〓【服務】📣《徵才資訊》📣💎誠徵靠行司機💎中壢區平鎮區💎全職司機假日兼職💎自備四門自小客車☎️洽詢電話💁‍♂️歡迎加入計程車行💁‍♂️你不會你不敢我們都會教導你妳💁‍♂️加入我們行列突破自己增加收入💯強力徵求認真賺錢的夥伴💯有強烈企圖心上進心的你妳💯歡迎對賺錢有極大興趣的你妳💯公司有完整的教育及良好的環境💯公司提供所有客戶資訊讓各位更快上手💯只有想要沒有不行誠摯邀請你妳💪歡迎加入我們的行列大家一起打拼🤝有從事過的朋友歡迎來新的環境挑戰🤝沒有從事過的朋友歡迎來試試看看📣《喝酒不開車，開車不喝酒》📣🌈機場接送高鐵接送🌈代理駕駛代客購物🌈寵物接送旅遊包車🌈長途短程安全服務🌈價格都是第一名🌈備註請勿隨意拍打餵食🌈車內請勿抽煙🚬🌈司機帥請勿要簽名🌈歡迎大家預約接送🤗🤗🤗🌈歡迎帶寵物上車🐶🐱🐍🌈坐了一六八保證一路發,1,2.6553523540496826,2,0.8189169764518738
286,點點網紗高跟鞋👠😍👍,1,1.81723701953888,2,1.3058284521102903
287,喜歡如此不做作的照片❤️,1,1.8833584785461424,2,1.1962696313858032
288,多功能防水文件包收納會議文件資料可防水不怕飲料打翻被雨潑到✔️拎了就走俐落上班族必備💪筆電越來越輕薄可以當作筆電套再裝入包包或是隨身行李緩衝保護防水更安心✔️上課上班出差不可或缺📍尺寸📍布料：外層防水面布＋內裡防水夾棉布手作布包手作包包手作雜貨手工製作手工布藝手工藝穿搭提袋電腦包工作包無印風文件袋,1,0.6040681600570679,2,0.5890272855758667
289,終於啊泰森❤️藏在細節裡,1,2.508943796157837,2,1.2418010234832764
290,突發‼️‼️大量Ø只需不突止😎仲要有額外折優惠分分鐘就搞得掂團友們豈能錯過呢代購限定🤩🤩🤩折起鞋獨家折優惠更新轉美國方法豚友可到睇落單😺,1,2.606128454208374,3,2.2102036476135254
291,歡迎預約詢價✅凝膠指甲員林美甲✔️要加🏠店址員林市光明南街號,1,2.057084321975708,2,1.5647141933441162
292,💅🏻次單色手💅🏻次款式手雅廉訪大馬路東方花園東方商場地下舖👇🏻預約時間👇🏻至星期一星期日歡迎查詢預約💅🏻📱微信📱📱📱美甲澳門美甲澳門美甲工作室💅澳門澳門美甲設計澳門美甲店澳門美甲師,3,2.4663100242614746,1,2.6425037384033203
293,👏🏻𝐍𝐞𝐰𝐀𝐫𝐫𝐢𝐯𝐚𝐥👏🏻👾簡單圖案大𝐓𝐞𝐞👾布料有少少少🤏厚度嘅夠大件又係容易襯入定幾件係手🥴黑底撞粉紅💕就出另外有白色💟,1,2.719863176345825,2,1.7598001956939695
294,這裏的人太多🚨我們捷運🚇蓋好在講👦🏽,1,1.498456597328186,2,1.2537353038787842
295,🤪雞腿排超好吃,1,1.6972197294235232,2,1.563515067100525
296,背帶方便出門攜帶到健身房公園都很讚時尚配件❤️,1,2.255995035171509,2,1.7054563760757446
297,春夏新款搶先看🎧小幫手時間不夠用☹️有喜歡都可以直接私訊小幫手詢問價位細節款式✌️新品不間斷👗🕶️賣場蝦皮,1,2.8655102252960205,2,1.7723219394683838
298,‼️訂貨‼️牛皮兩用鏈袋💰✅呢類既韓國唔多架✅鏈帶可以拆亦可以自行綁結單肩揹🎨色📐入數後約個工作日到港🛒落單查詢請或📲✔️正價手袋包本地順豐✔️相片難免有色差一切以實物為準🙅🏻‍♀️不議價不接急單袋手袋韓國袋韓國手袋女裝袋女裝手袋韓國手挽袋手挽袋斜孭袋斜揹袋韓國斜咩袋斜咩袋側揹袋單孭袋單肩袋,1,1.1220932006835938,2,1.2906908988952637
299,染髮🌹耳圈染耳圈處有漂唷❗漂褪過粉色感會比較明顯其餘沒有漂褪處會帶紫棕色哦❤️看更多髮型🔎作品預約諮詢方式⬇️🥑訊息小盒子🆔📍地址台中市北區錦新街號☎️電話韓系髮型推薦水波紋燙髮耳圈染髮女生燙髮染髮韓系髮色女生燙髮推薦女生染髮推薦男生髮型推薦台中剪髮推薦韓系短髮日系短髮慵懶捲度新娘妝髮歐美染髮台中好玩台中必吃美食台中住宿推薦韓系飾品飾品配件約會餐廳情侶刺青韓系咖啡廳馬丁鞋韓系女裝韓系耳環台中燒肉台中好吃,1,1.9238326549530032,2,1.481142520904541
300,親愛的媽咪☺️🎂愛妳一萬年,1,2.4610941410064697,3,1.8644013404846191
301,日本製造🇯🇵🇯🇵耳洞清潔線🌹玫瑰暫時售完🍃薄荷️⃣打開瓶蓋取出和紙棒️⃣關上瓶蓋將和紙棒浸泡在清潔液中至和紙棒膨脹後再取出️⃣圖示和紙棒前端部分使其方便穿入耳洞🚫上塗有保鮮膜請勿浸泡在清潔液中️⃣將和紙棒前端慢慢穿入耳洞️⃣在耳洞另一端將和紙線取出郵費買家需承擔郵寄風險也可加掛號台灣代購日本代購紅豆水耳洞清潔棒清潔耳洞線清潔耳洞耳洞耳洞清潔棒耳洞清潔耳洞清潔線日本限定耳窿耳窿清潔清潔耳洞耳針耳環,1,1.857903242111206,3,2.293447256088257
302,代購歡迎預約非誠勿擾♥️地址尖沙咀室,1,2.3799798488616943,2,0.9017372727394104
303,目前的小道具一枚👶🏻❤️的瓜,1,2.599128007888794,3,2.465317726135254
304,右滑解鎖更多💦,1,1.3052921295166016,2,1.1631348133087158
305,今日夜飯日中暑牡蠣鍋🍲が食べたくなり…😀こういか🦑の刺身と牡蠣鍋にしました～♪😀😀😀夜飯手料理男飯鍋鍋料理牡蠣鍋牡蠣,1,2.829777479171753,4,0.3566314280033112
306,情人節快樂想念這個黑希望你不要沒事亂花大筆錢㊗️順產記得繳電費⚡以前都沒發到文積一堆舊照照片沒發哈哈哈今年要開始認真更新自己😂白色情人節湐,1,2.0492420196533203,2,1.7627971172332764
307,冰透魚鱗🌹客製化造型設計🌈所有款式報價均含前置作業基礎保養凝膠加厚免費換色下次續作贈免卸甲費用手足凝膠課程教學▪️地址高雄新興區中山橫路號✔️對面美麗綻✔️一樓是自助洗衣✔️隔壁就有停車場✔️步行秒到六合夜市✔️捷運美麗島站號出口▪️預約時段▪️儲值優惠送送▪️延甲不分長度凝膠延甲指水晶延甲指▪️他店制手足凝膠卸甲續作🍭單色跳色貓眼鉑金以上手部均一價足部均一價🍭鑽飾類顆起🍭可傳圖報價手部造型款⚠️預約請主動告知部位款式卸甲延甲日期時段姓名電話追蹤⬇️粉專⬇️奈兒美甲設計高雄美甲美甲推薦美甲教學凝膠課程教學凝膠美甲創業教學⚠️課程價格優惠中，麻煩請來電詢問☎️下午～晚上前可撥打其餘時間勿擾喔課程內容或是其他問題現場提供免費諮詢有興趣有喜歡再學習請來電詢問報名課程或安排時間現場解說🔱凝膠專業創業班🔱✔️一對一小班制教學✔️均含凝膠工具材料✔️免費回訓循環課程✔️零基礎也能輕鬆學✔️彈性選擇自由排課✔️無限制時數學到會奈兒美甲設計凝膠教學美甲課程一對一,1,1.3041131496429443,2,0.8518019318580627
308,一夜限定哦這款亞洲定價快萬😱預購團點網址到社團下單到社團結帳拿優惠價唷可以點下面網址加入社團✈️翔飛社團連結網址🔗歡迎加入社團我們會給社團成員更優惠的價格🔥社團會嚴格審查、嚴格管理🔥所有金額都是到手價無其他費用☺️☺️美國代購翔的飛行屋美國代購美國代買代購代買,1,1.8259965181350708,2,1.8346797227859497
309,美容院品牌葉綠素消炎面膜紙成份葉綠素控油因子水份功效消炎殺菌平衡油脂分泌美白淡印總店🏦🏦地址黃大仙豪苑商場地下號舖出口向左直行商場係馬會譽廚酒家中間營業時間星期一至六至星期日至❤️❤️可黃大仙門市或黃大仙地鐵交收❤️❤️分店🏦🏦地址旺角花園街好景商業中心樓室營業時間星期一至六至星期日至葉綠素淡印控油油脂暗瘡消炎面膜法國詩華詩華暗瘡面膜痘痘痘印保養美容護膚品護膚去痘暗瘡產品暗瘡面膜美肌青春痘凹凸洞好景商業中心學生價消炎面膜黃大仙鑽石山新蒲崗旺角,4,1.3312373161315918,1,1.1381436586380005
310,靚靚❄️超完美角色扮演套裝，👑由底到外細緻完美裝扮🕌一套三件細緻完美打扮💞套裝💃外套連衣裙褲子❌❌截單日月日🚚🚚到貨日月中至尾左右到貨📌此訂購必須於下單後小時內過數否則作廢🚛荔枝自取星期一至五--順豐運費到付星期六日公眾假期休息🌟🌟🌟🌟🌟🌟🌟🌟🌟🌟🌟🌟🌟🌟🌟🌟生活百貨購物屋‼️‼️‼️‼️‼️‼️‼️‼️‼️‼️‼️‼️‼️‼️‼️‼️注意⚠️📦順豐站或智能櫃或工商地址運費到付貨款先入運費到時比順豐運費最終以順豐收費為準溫馨提示購買前請看清最頂個購物須知生活百貨購物屋兒童嬰兒童裝玩具,3,2.7256319522857666,1,1.7439435720443726
311,來曬太陽🤣🤣🤣,1,1.3540232181549072,2,1.2292914390563965
312,服務項目接髮給自己一個改變的機會💫☝🏻只要分鐘短髮變長髮下一個會是你嗎蘭斯處女加厚髮寸片小資女孩優惠價來找讓你美夢成真🤗造型時尚接髮接髮達人染髮推薦染髮護髮頭髮霧感髮色乾燥花染裙擺染燙髮推薦黑茶色作品集西門美食台灣台北設計師極致接髮台北接髮挑染接髮推薦,3,1.2959353923797607,1,1.1129745244979858
313,老料寶庫東北黑梓木✨木紋細緻自帶光澤的黑梓木👑在古代也是貴族製作家俱的常備料之一抗腐性強刨面光滑木質厚實森總監獨家限量的老料系列全都由他手工切塊打磨不上漆❤️摸得到原木手感堅毅質地與牛角相當每款編號都是獨一無二的慢來就沒有囉慕璽慕璽胎毛章臍帶章髮臍章慕璽胎毛章慕璽臍帶章慕璽髮臍章,1,1.82783317565918,2,2.1030516624450684
314,掰啦👋🏾👋🏾,1,2.6185152530670166,2,1.2985444068908691
315,斜旁分❗❗❗,1,1.1038930416107178,2,1.2412514686584473
316,続大湯石浴槽伊達殿様入湯温低私好❤️一日目貸切日目男女入替何度入♨️露天風呂亥之輔湯小石風呂入口狭通味笑前源泉違新湯半地下小風呂温度高浴槽縁涼😂旅道震災年復興復興応援四寺廻廊古寺巡礼慈覚大師円仁松尾芭蕉青根温泉湯元不忘閣不忘閣大湯金泉堂蔵湯浴司亥之輔湯御殿湯日本秘湯守会伊達政宗,3,2.50329327583313,1,2.643363237380981
317,📣四月份開放預約歡迎提前預約🔜🔜限時動態每日更新預約時間🖤優惠活動🖤◾單色凝膠光療優惠價貓眼膠加◾造型凝膠設計光療優惠價款式任妳挑以上均含凝膠加厚基礎保養◾手部深層護理優惠價◾足部深層護理優惠價深層護理包含程序消毒修型指縫清潔去除指緣甘皮死皮搓足底繭膝蓋手肘去角質淋巴排毒按摩保濕美白敷泥保濕乳液硬甲油護理◾法式角蛋白睫毛保養◾半永久飄霧眉隱形眼線優惠中🔥美甲法式角蛋白美睫一對一教學歡迎諮詢預約專線于溱美甲師地址台中市西區華美街號明欣髮廊二店樓上福人街口有停車場美甲凝膠手繪暈染台中角蛋白美睫法式角蛋白法式角蛋白睫毛濃翹術睫毛捲翹角蛋白睫毛角蛋白睫毛捲翹睫,3,2.855069398880005,1,2.6776630878448486
318,春夏橡筋腰爛牛仔短褲💜灰粉紅杏🇰🇷🇰🇷🇰🇷🇰🇷❗➡️截單：➡️貨期約月尾左右貨期只供參考貨物可能因運輸而有所延誤如入數後因突發情況而令貨品缺貨將全數退款⚠️根據入數時間的先後次序落單如入數後遇貨品售罄將全數退款⚠️需小時內入數🌟貨品順豐到付🌟可面交地點可再溝通但時間由我們提供因主要是運用順豐到付請體諒🌟預訂需時不接急單牛仔褲短褲短牛仔褲褲韓國褲,1,1.5389031171798706,4,0.5930207967758179
319,深波紋👩‍🦰這位客人細軟髮說要有捲度但不能太老氣髮根還要澎👩‍💼於是我幫她燙紋路深，好整理手播繞乾就像電棒捲重點是👉髮根蓬鬆✅深紋路✅細軟髮救星✅詢問度高✅電棒燙✅好整理✅🏃趕快預約專線☎️🈯定👇秋儀📲-📱顧客意見表👉嘉義嘉義髮廊嘉義設計師嘉義頭皮養護嘉義燙髮嘉義染髮醫學系寶齡法國黎諾日系愛麗美娜西班牙萊肯德國威娜,1,1.7508139610290527,3,1.9562941789627075
320,搓一顆元氣彈⚡,2,1.2521085739135742,1,1.2630486488342283
321,幼齒姊與老妹妹的一天👭,1,1.4369298219680786,2,1.2363063097000122
322,今天會是個勝利之夜🤩我在外野看著呢猛獅勇闖水簾洞,1,1.259162425994873,2,1.362427830696106
323,早安🌤️🍧🌳再貴的東西除以都變得很便宜再小的努力乘以都變得很偉大重點在於想不想得到還有想不想付出妳永遠的內在美管家金牌經銷商陳莎拉只要妳需要我一直都在,2,1.3589211702346802,1,1.4833903312683103
324,很抱歉沒有準備什麼驚喜或是送你很好很貴的禮物今年也沒有手工書📔但希望這次出遊你是開心的🥺生日快樂尤韋中我愛你♥️♥️,1,2.972623109817505,3,2.165563106536865
325,裝線戒💍預訂款✔️係裝賣～✖️冇單一隻賣㗎🤗好靚😍好睇💕好輕身㗎👍🏻好易襯輕身簡約型格防敏感點擊一下圖片然後用兩隻手指按圖放大有效果韓國人實物拍攝📸輕身唔重💡🇰🇷🇰🇷防敏感🔎👇🏻📌記得✅我哋個呀！👍🏻💥本店於香港設有門市可親臨選購💥歡迎網上購物💥接受海外購物💥本店開業年信心保證✨✨✨✨✨✨✨✨✨✨✨✨✨✨✨✨✨香港新界葵富路號葵涌廣場樓世界號舖🌸🌸🌸🌸🌸🌸🌸🌸🌸🌸🌸🌸🌸🌸🌸🌸🌸🌸⭕接受、💳網上銀行📲📳🅿️轉數快⭕香港平郵順豐到付📦平郵風險由客人承擔⭕本店亦設有售後服務⭕衛生理由貨物出門恕不退換🌸🌸🌸🌸🌸🌸🌸🌸🌸🌸🌸🌸🌸🌸🌸🌸🌸🌸💟喜歡本店嘅你哋～✅👍🏼吓我哋之餘❣️記得📍埋比你哋嘅朋友仔👭一齊嚟買靚嘢啦～💋注落單前請考慮清楚請勿棄單一經棄單即被列入黑名單將代表同意永久失去會員資格並得不到任何會員連線優惠及不作另行通知本店保留所有最終決定權女朋友禮物韓國戒指簡約戒指夾耳環防敏感飾物韓國直送戒指線戒韓國飾物防敏感耳環簡約風戒指介子,3,1.9952468872070312,1,1.9736099243164065
326,近期小紅書上爆紅的閃鑽粉晶亮感直接可以閃瞎雙眼店裏口氣進了超多顏色喜歡浮誇華麗感的快約起來吧💎預約電話✔️官方愛麗絲美甲美睫沙龍💅🏻台北市萬華區武昌街二段之號-台北美甲台北美睫西門町美甲西門町美睫暈染光療鏡面指甲手繪光療愛麗絲美甲美睫熱蠟美肌,3,2.8385374546051025,1,2.303469657897949
327,終於有男生的照片了😇跪求男生怎麼攝影我有障礙哈哈俐落乾淨的髮型是現在大多數男生喜歡的又好看又好整理👌快來找我變帥男士燙染造型短油頭搭配漸層輪廓男士剪髮油頭造型台中燙染推薦台中髮型師台中髮廊推薦男士剪裁,2,2.002889394760132,1,1.6375000476837158
328,❤️🎅聖誕限定香水🎄白地衣與雪花蓮❤️甜甜價❤️限定香水七彩瓶身值得收藏現在專櫃已漲價❤️香調參考前調克萊門氏小橘苦橙葉中調雪花蓮橙花後調苔蘚零陵香豆琥珀❤️配件專櫃盒裝❤️水位如圖近全新成新左右❤️⚠️得標者請於隔天中午前內匯款後店到店不含運費質感限定保證正品買到賺到瓶身超美專櫃購入售後不退,3,2.949066162109375,1,2.7559142112731934
329,👟🏸柔軟羊皮🐑好穿直贏☺️,1,2.4529571533203125,2,1.5571273565292358
330,授袍🥼想不到明年就到我們了學長姐每個都超級漂亮帥氣的在外場一天真的超冷🥶還好是和悅然一起還有被柱子擋住的玟儀瀞磊我說看不到他們很可惜悅然卻吐槽說明明回家就可以看夠回家後馬上吃暖暖窩在被子裡準時睡覺💕祝學長姐們授袍快樂授袍一日工作人員,3,2.7097866535186768,1,2.696585178375244
331,🎉賀成交🎉楊弘至,1,1.7423789501190186,2,0.4700677692890167
332,帶妹妹來我們最常約會的台中走走一起感受那些年最喜歡下午出門吹風的時光幸福就是三個人在一起笑也一起哭永遠最愛最支持爸爸🌞,3,2.561272144317627,1,2.516221523284912
333,不一樣的生活告別黃💛🦷」👋迎接白🤍🦷」😍嶄新的一天就這樣開始了☺️☺️🌱美到要發泡啦😍😍😍諮詢專線諮詢沃德牙醫診所牙醫諮詢林口牙醫植牙植牙全口重建牙齒美白冷光美白牙周治療牙周病全口活動假牙活動假牙全瓷冠兒童牙科假牙,3,2.5591449737548837,1,2.5261175632476807
334,💚阿贊噴۞招財愛情經文手鐲💚功效✅鎖心至尊阿贊噴師傅人緣秘法男女和合招財運都相當有口碑✅每隻手鐲師傅在加持期間都念了大量人緣魅力和合咒語和財運法術✅能令他人對你暗生愛慕之情久久不能自拔✅由其適合希望穩固感情以及鎖住對方的心的人士佩戴💰️⃣️⃣️⃣阿贊阿贊噴招財愛情手鐲泰國泰國佛牌古巴古巴阿里雅察招財成願事業保平安泰國泰國佛牌愛情泰國泰國代購泰國佛牌佛牌聖物挽回感情人緣異性緣招財阿贊龍婆專一魅力手鍊符片人緣油愛情油愛神拉胡貴人,3,2.1958661079406743,1,2.0503592491149902
335,公園日常跑來跑去的屁孩們🤩跟他們去公園真的超級累底片公園,1,2.2259979248046875,2,1.3324083089828491
336,💅🏻次單色手💅🏻次款式手雅廉訪大馬路東方花園東方商場地下舖👇🏻預約時間👇🏻至星期一星期日歡迎查詢預約💅🏻📱微信📱📱📱美甲澳門美甲澳門美甲工作室💅澳門澳門美甲設計澳門美甲店澳門美甲師,3,2.4663100242614746,1,2.6425037384033203
337,首爾最後一張煐岷在主持人旁邊好嬌小🤣🤣林煐岷,1,2.2845351696014404,3,2.4809563159942627
338,設計的毛巾🧡,1,2.293724775314331,2,1.0986089706420898
339,🍊新款黃水晶葫蘆手串黃水晶成色超好葫蘆寓意福祿如意😁通體純銀材質❤️,1,2.5089361667633057,2,0.20160642266273496
340,👏🏻👏🏻👏🏻👏🏻韓國預訂新款👏🏻👏🏻👏🏻👏🏻休閑服易襯🥰🥰🥰🥰轉季啦多款新裝💞💞開季衫靚到爆😍😍歡迎大家綱上購買💝或來門市購買🎉🎉綱上訂購請在訂購或在韓國時裝韓國代購✨💕韓國直送🇰🇷東大門韓國❤️韓國女裝韓國服飾代購穿搭韓國穿搭觀塘樓上舖全新裝修觀塘巧明街號萬年工業大廈樓座室匯豐中銀轉數快個,1,3.3083925247192383,2,1.322844624519348
341,✖️✖️,3,1.713894605636597,2,1.2382442951202393
342,💖又係短髮變長🤩即刻靚晒💖🤩🥳敬請預約！預約！不接受💓開舖時間唔定時🥵預約為準😗😗🌻🌻🌻🌻🥳預約一定要比訂金！💖只接受預約🤍🤍🤍無痕貼片🥳🥳西九龍中心駁髮舖駁髮西九龍中心駁髮西九龍中心駁髮舖旺角駁髮天水圍駁髮銅鑼無痕貼片式駁髮無痕接髮繡眉美瞳線眼線西九龍中心駁髮舖駁髮西九龍中心駁髮西九龍中心駁髮舖旺角駁髮天水圍駁髮銅鑼無痕貼片式駁髮無痕接髮髮型💖只接受預約🤍🤍🤍無痕髮片🥳🥳西九龍中心駁髮舖駁髮西九龍中心駁髮西九龍中心駁髮舖旺角駁髮天水圍駁髮銅鑼無痕貼片式駁髮無痕接髮繡眉美瞳線眼線西九龍中心駁髮舖駁髮西九龍中心駁髮西九龍中心駁髮舖旺角駁髮天水圍駁髮銅鑼無痕貼片式駁髮,3,2.336606025695801,2,0.8325116038322449
343,自從上班後就很少拍照容許我自戀一下🤣😂濾鏡王🍑三月了,2,1.5574005842208862,1,1.5011570453643799
344,👇自己購入ウェブサイト👇🔅蕾絲連身裙着丈裙長胸圍腰圍裙長胸圍腰圍裙丧胸圍腰圍上班工作服女西裝套裝裙褲行政套裝裙褲,1,3.407360076904297,2,0.7989330887794495
345,甜點是不同的胃😽,1,1.4420087337493896,2,1.3947885036468506
346,🙋🏼‍♀️,3,1.7518230676651,2,1.2382442951202393
347,細軟髮自然捲矯正完太美溜🧡回家連老公都讚美好看字彎髮型太好整理💜燙後的髮根好像微整讓頭型弧度更完美燙後️⃣不️⃣差很多👉今日作品如果有喜歡歡迎詢問我們歐消費項目燙縮毛矯正燙韓式髮根燙燙髮韓式髮根燙字彎燙剪中長髮燙韓式髮型高雄沙龍染髮柔順直髮自然捲字燙自然捲救星縮毛矯正高雄沙龍設計師☎️亞緹高雄市前金區青年二路號,1,1.7502949237823486,3,2.234802961349488
348,🤳🏻預約制優先💬❗請使用預約詢問小盒子私訊不回應🈵光療指甲一次一點集滿點送折扣🔺會員儲值▫️儲值光療折免費卸甲次▫️儲值光療折免費卸甲次▫️儲值光療折免費卸甲次📷作品相簿新相簿舊相簿❣️粉絲專業美甲工作室手繪彩繪美甲光療美甲工作室美甲沙龍光療指甲凝膠凝膠指甲台北美甲新北美甲新莊輔大輔大站捷運輔大站手足保養個性,1,2.5861599445343018,3,2.3564209938049316
349,做自己想做的事情成為自己想成為的人在人生路上花費一點時間跟💰💰得到無價的體驗與收穫老師漂亮又細心喜歡手作的話就行動吧,3,2.487384557723999,1,2.4197731018066406
350,🎂牡羊聯合慶生會🎂這是第本相簿個照內有甕仔雞請小心服用😝感謝楚紅跟餒餒邀約❤️感謝馬馬揪我準備禮物🎁感謝愛盤的超強按摩手技🖖🏽♈羊羊們就是好相處👍說走就走很有效率又不怕丟臉😂😂😂感謝這一趟歡樂的旅行🙏㊗️各位生日快樂🎂願望都實現👍愛你們唷❤️行程概述☀️台大麥當勞出發（謝謝大家等我😝）➡️五峰旗風景區聖母登山口➡️抹茶山拍照野餐返程下山（共計）➡️宜蘭柯氏蔥油餅礁溪老爺➡️簡單梳洗➡️晚餐愛盤的運動按摩診療室（聽起來怎麼有點情色😍）➡️羊羊們的慶生會🎂➡️公共池泡湯➡️就寢☀️起床早餐➡️戶外風呂溫泉魚池（餵魚吃腳皮🦶）➡️打包行李退房➡️撞球🎱桌球🏓（打到我手指腫起來👆）➡️午餐爬飛吃超飽➡️曬太陽放空軟爛➡️驅車返台北➡️宜蘭礁溪島內旅行牡羊座牡羊座慶生會五峰旗五峰旗瀑布聖母山莊聖母登山步道抹茶山礁溪老爺溫泉泡湯溫泉魚浴衣慶生生日快樂爛蹲幫我就爛爛蹲幫玩到哪睡到哪後記連續幾天的行程爬山里程累積幾公里😱我想我今年第二季的登山扣打應該差不多了吧,3,2.3391997814178467,2,1.272527813911438
351,😅咁大對耳環🤭當時我耳仔唔痛既咩✨✨✨✨✨✨✨✨✨✨✨✨✨✨📲對話預約時間和查詢🔍：=✂️✂️✂️✂️✂️✂️✂️✂️✂️✂️✂️✂️✂️✂️✂️🐾上門寵物美容🐾⚡基本沖涼服務包括剪甲，剪腳底毛，清耳毛，洗耳仔，修肚底毛，清肛門腺⚡歡迎查詢服務價錢☎️❤️上門時間為每日-後需加額外外附加費每時需加❣️沙田區除外時間開始將會計小時計算即收多時間開始將會計小時計算即收多❤️解結費為每半小時✅沙田區❕大圍區❕可享優惠愛犬犬上門狗美容狗美容乖乖上門寵物美容上門美容剪毛集郵期待下一次溫馨領養代替購買,3,2.4300179481506348,2,1.7783076763153076
352,想念這點心盤😋還有嘉義的慢活了❤️,1,2.602038621902466,3,1.8000987768173218
353,🆕迪士尼夏日純棉被呢款主題系沙灘🏖️三款角色選🐿️專屬專屬🐿️搜集世界各地迪士尼產品歡迎落單及查詢📲🎁所有貨品均需預訂💰恆生及中銀戶口滙款💵📮自取投寄易順豐到付⚠️商品價格會因滙率有所調整以查詢後的價格為日本迪士尼大鼻鋼牙奇奇蒂蒂大鼻與鋼牙大鼻鋼牙代購代購大鼻與鋼牙代購代購奇奇蒂蒂控代購日本代購台灣代購精品精品代購迪士尼代購日本迪士尼代購東京迪士尼代購復活節史迪仔代購史迪仔唐老鴨唐老鴨代購米奇米妮,1,1.7537870407104492,4,1.3936386108398438
354,脫毛小知識👆🏻陷阱你要知‼️‼️🌟二人同行「-全身終身任脫」全身全面👙🙆🏻‍♀️❤️‼️🌟✅全球真正激光脫毛科技全身脫毛✅原廠正行足料冷凍✅官方授權中心—原廠專業培訓之認可治療師-‼️✅專為亞洲人皮膚而設‼️‼️擁有最強嘅追蹤黑色素功能只需次已可清除毛髮😍💯‼️🔍全身脱毛「一折」‼️‼️‼️🏆全球真正永久全身脫毛🏆👩🏻‍⚕️市場上好多任脫，但真係可以「任脫」？😗我地九年啦‼️送比大家‼️頭位再送一次醫學護理原價‼️靚機全身任脫任何部位‼️仲要包你任何部位終生保養👩🏻‍⚕️‼️你無睇錯係任何部位♥️無限時段，無限部位‼️✅全球真正激光脫毛科技全身脫毛✅真正認證原廠靚機✅效果滿意✅真正永久保養✅無附加費✅超過十萬位用家實證👏🏻🙆🏻‍♀️❤️採用原廠正貨激光脫毛儀器真正絕對靚機全球激光脫毛科技治療師已獲激光操作資格認可🔥🙆🏻‍♀️❤️環境舒適多個房間減少等候時間一對一治療師唔會或者話你脫唔到叫你加錢做其他♥️♥️全場醫療級淨化系列，等你脫得舒適又放心👩🏻‍⚕️‼️🤣小編作為一個守舊慳家派，脫完之後好後悔無早如果只想脫特定部位的客人，可以我查詢詳情🔍👀名額限制，報名優先‼️感謝大家支持➕耐心等待❤️❤️繼續接受️⃣月份預約中🙌🏻位置好快只有少量了🌟🌟要來的趕緊預約留位了❗❗每天預約都是🈵🈵‼️記得提早至少幾天預約🙏🏻🙏🏻以便安排理想時間給大家🥰❤️官方諮詢➕預約查詢專線🔥📲新鋪地址旺角恆生旺角大廈樓旺角地鐵站出口左轉秒恆生銀行樓上微整溶脂隆鼻埋線透明質酸水光針溶脂針微笑嘴打下巴整容醫學美容熊貓針黑眼圈少女針肉毒柑橘妹妹瘦神奇吊線減肥美肌面膜黑眼圈針美白針脱毛療程,1,2.7036869525909424,4,1.5498411655426023
355,金剛好帥👏🏻👏🏻👏🏻👏🏻👏🏻帶小朋友來看怪獸剛好撫平一下被杏林醫院傷害到的小小心靈🥺哥吉拉大戰金剛金剛好聰明💗要看版才爽,1,1.6960138082504272,2,1.6380513906478882
356,情人節已過我就單純想發文😌,1,1.3465209007263184,2,1.4828737974166868
357,藍天藍白雲白太陽公公出來了🤟,3,1.7171249389648438,1,1.330227255821228
358,家庭日網美媽手藝網美媽一手包辦整桌料理已經是很家常的事了問我還有什麼不會那就是不會跳舞了💃等我我一定學會跳包山包海包健康💯最強的就是包變網帥和網美🥰,2,1.6527947187423706,1,1.827831506729126
359,這裡好熱好酷🌵金門沙美摩洛哥沙美老街,3,1.6804083585739136,1,1.630643606185913
360,超耐冇去甘出面放鬆放鬆了❤️,1,2.466092348098755,3,1.8249611854553225
361,☺️五月節句依頼作品顔描入目描眉描口描髪描実先月歳初顔描笑驚筆走木彫御所人形顔描墨面相筆御所人形師伊東庄五郎京都不思議感覚妻撮影笑,3,2.451704740524292,1,0.8725696206092834
362,感謝你們都還在😚😚,3,2.5212459564208984,1,1.1642225980758667
363,😊您還在為掉髮困擾嗎✔️越早治療越好✔️四個月可看見效果✔️複合式生髮治療✔️免植髮更多術後照片請點選連結網頁或到現場比較歡迎來電詢問👇💗巴黎國際長春醫療體系💗💟歡迎來電預約諮詢🚩【諮詢專線】🌟🚩【營業時間】🌟週一週六🔎生活圈提供您線上對諮詢預約喔🌸汐止院區：🌸台北院區：🌸桃園院區：🌸中壢院區：🌸台中院區：生髮掉髮複合式生髮療程落髮禿頭免植髮落健柔沛生髮洗髮精生髮液生髮劑快速生髮掉髮原因落髮治療台北生髮桃園生髮台中生髮巴黎國際長春診所巴黎國際醫療體系台北桃園中壢台中,2,1.184697151184082,1,1.8858139514923096
364,終於來到很想來的仙境了果然一到就覺得好美唷🥰而且這裡播的音樂都好喜歡假日還會有氣氛和音樂都很讚😝✨✨裝潢的話就不用說了室內到室外都很好拍也很美💞快春天趕快拿這件外套出來拍照📷台北台北景點陽明山陽明山景點✨,1,2.6964821815490723,3,2.707566499710083
365,久焼肉😋,1,1.2298513650894165,2,1.1884582042694092
366,現貨賣晒了✈️🇫🇮：💥要訂呀💥💁🏻‍♀️限時超優惠價。過左唔好話點解貴左系列☺️花花布袋新出物料麻棉越洗越正約帶長約個個圖案位置都有啲唔同圖中是其中之一參考款可能帶有色差✅想睇下仲有咩布袋👉🏻布袋比個❤️唔係你地就睇唔到我啲又會話錯過左喇🔹🔹🔻🔸🔸🔻🔹🔹🔻🔸🔸🔻🔹🔹🔻📢請大家直接我喇💬最好💬🔹🔸🔹🔻🔹🔸🔻🔹🔸🔻🔹🔸🔻🔹🔸🔻芬蘭代購布袋禮物生日禮物環保袋購物袋袋日本代購聖誕禮物聖誕節交換禮物交換禮物代購,1,1.6125675439834597,2,1.7820638418197632
367,初春感現在穿剛剛好✔️結帳可使用折價券哦🎫✔️加入會員每月都有折價券可領✔️連動好康優惠第一手通知大尺碼厚片女孩棉花糖女孩肉肉女孩大女孩大尺碼女鞋巷鞋鋪中大尺碼巷中壢旗艦店逢甲概念店,3,2.6788694858551025,1,2.6162309646606445
368,一個多月的阿晴超級可愛😚,3,2.226748466491699,2,1.1978390216827393
369,夏季預購款☀️💰藍白本店每件都包平郵📬本店滿減🌟歡迎下單查詢💳支付寶中銀恆生滙豐渣打轉數快嬰兒服裝童裝嬰兒裝嬰兒用品衫衫女童衫男童衫小朋友衫用品用品小童服裝小童裝小童鞋小童頭飾帽,1,1.5447180271148682,3,1.1902467012405396
370,子供落書世界一👍空上喜幸太郎絵落書,1,2.80399489402771,3,2.3116683959960938
371,妹妹大姐姐兩個碼好大對脾😅,2,1.527920484542847,1,1.6228164434432983
372,雅詩蘭黛持久粉底液牛👍通宵都不脫妝的粉底液出汗都穩如泰山不管是遮瑕還是持妝效果都牛掰韓國免稅商店採購,1,3.08313536643982,2,1.5372271537780762
373,🌊浮世繪🌊感謝美人💋💋☎️採預約制☎️手繪的異想畫廊,1,2.1741883754730225,2,0.9885491132736206
374,👏🏻👏🏻👏🏻👏🏻韓國預訂新款👏🏻👏🏻👏🏻👏🏻休閑服易襯🥰🥰🥰🥰轉季啦多款新裝💞💞開季衫靚到爆😍😍歡迎大家綱上購買💝或來門市購買🎉🎉綱上訂購請在訂購或在韓國時裝韓國代購✨💕韓國直送🇰🇷東大門韓國❤️韓國女裝韓國服飾代購穿搭韓國穿搭觀塘樓上舖全新裝修觀塘巧明街號萬年工業大廈樓座室匯豐中銀轉數快個,1,3.3083925247192383,2,1.322844624519348
375,今朝散歩元気🐕歳多頭飼幸仕事毎日毎日子達過幸❤️❤️❤️❤️,1,2.728088140487671,4,0.2832801342010498
376,非常充實的一天✌🏼英檢🤓國小校慶🤩韋慈家慶生🥳劉屁琳來佳里找我✨,1,2.8025364875793457,2,1.199697494506836
377,目前已胖公斤🤡臉明顯變圓然後今天是與老公在在一起年啦❤️,1,2.682244062423706,2,0.9731209874153136
378,銀赫生日應援請看右邊👉偷渡順毛赫的❤️❤️,1,2.7596755027771,2,1.3167575597763062
379,互相討論遮瑕筆的兩人😄💻陪坐班🙏,1,2.0516960620880127,2,1.1817902326583862
380,最深層護髮優惠來了🎁韓金逆齡深層四段療程護髮深層護理優惠折即日起到止😘髮研所的貴賓有福了不用飛韓國就可以享受道地的金韓今韓國髮品體驗與韓妞同步長效型高級感凍膜髮💈髮研所官方線上諮詢預約服務📍💓深層護理療程體驗影片分享👉🏻短髮療程元起中長髮療程元起長髮療程元起特長髮療程元起❤️歡迎預約優惠體驗享受韓系深度結構護髮療程😉金韓今韓國髮品韓金結構式護髮系統四劑式結構護髮逆循環緊密機制🇰🇷去污⏩修護⏩強化⏩鞏固韓國獨家🇰🇷植物精華直導核心秘方最持久護髮補彈性補保濕功效✅韓方獨創高純度膠原蛋白✅添加強力倍水解角蛋白✅強韌頭髮彈性⏩逆齡重生✅漢方稀有草本植物精華萃取✅富含種頭髮必須胺基酸✅獨家蜜泡沫去污✅鏡面柔光亮澤配方,2,0.7917545437812805,1,0.7005996108055115
381,掛號就是要找真正專業網站神隊友幫你網路掛號沒成功不用錢義大骨科杜元坤醫生代客現場排隊代抽號碼牌代掛號任務完成連續兩週都幫客人任務完成一群經驗豐富征戰全省各大醫院多年掛號經驗的老手在幫你找到我們就如同找到得力助手幫忙掛號困難度越來越高需要找們幫忙掛號就是要找代掛號網站幫你。下單詢問請加我們官方認證大家就不會弄錯醫院代掛號幫跑腿服務網網路掛號電話掛號現場排隊醫院掛號代掛號,3,1.511414647102356,1,1.5334073305130005
382,慢慢走沿途有風景🌿，背後有陽光☀️,1,2.8670575618743896,3,1.9615931510925293
383,打籃球的老吳你誰啊🤭陪瓊之姐回湖口娘家,1,1.3647369146347046,2,1.1646121740341189
384,一週便宜一時爽週週便宜週週爽加入楔石官方搶先獲得最新消息點我加入有好手拍照也要有好腳支持好手好腳拍起來獨家新品輕裝時代專業油壓錄影腳架獨家新品輕裝時代輕型四節橫抽腳架暢銷熱賣手機相機單腳架玩家最愛四節橫抽碳纖腳架活動期間三上午三上午搶便宜點這裡每週三上午鎖定楔石購物官網精選話題熱銷商品給您獨家驚喜折扣限時限量售完為止楔石門市同步優惠歡迎前來參觀選購楔石會員消費均可享有紅利回饋還可使用紅利點數折抵售價享優惠以下歡迎留言許願你想要的特價商品有許願有保佑也許就會在之後出現喔🔻🔻🔻🔻🔻🔻🔻🔻🔻🔻🔻門市台北市信義區東興路號樓門市營業時間週一至週五-門市專線網購訂單客服時間週一至週五-網購專線加入楔石官方搶先獲得最新消息歡迎訂閱楔石攝影頻道了解更多豐富內容,3,2.834606647491455,1,2.810349225997925
385,新品上市🤩🤩歡迎詢問💌,3,2.4929420948028564,1,1.4712408781051636
386,相識接近年♥️,1,0.9430977702140808,2,0.9918433427810668
387,多麼珍惜的一天🌻悠悠謝謝袮的愛艾利鵝🦢,3,1.2850897312164309,2,0.9919339418411256
388,兄弟富邦澄清湖中繼一局安全下莊👍越來越好加油💪中信兄弟王奕凱感謝現場的你們有照片都能馬上想到我😄😄📷鐵粉,1,1.7746397256851196,2,1.3212196826934814
389,‼️訂貨‼️仿皮💰✅大容量放到架✅返工一流👍🏻🎨色📐入數後約個工作日到港🛒落單查詢請或📲✔️正價手袋包本地順豐✔️相片難免有色差一切以實物為準🙅🏻‍♀️不議價不接急單袋手袋韓國袋韓國手袋女裝袋女裝手袋韓國手挽袋手挽袋側揹袋單孭袋單肩袋上膊袋大袋返工袋袋韓國直送韓國製造,3,2.1652746200561523,2,1.1228231191635132
390,🌈童鞋🌈這次做了另一款藍色的鞋子💓特別在鞋子側邊寫上名字希望收到禮物的主人會喜歡😊👱‍♀️訂購流程請私訊欲訂購的商品與數量確認匯款完成後才算下單成功我們才會保留檔期與名額喔謝謝🙏異想翻糖花糖霜餅乾收涎餅乾微糖霜餅乾童鞋杏仁瓦片翻糖餅乾卡通造型餅乾糖霜基礎課程糖霜體驗課程糖霜餅乾講師認證課程摩天輪檸檬磅蛋糕鮮奶油造型蛋糕牛奶戚風杯子蛋糕造型馬林糖林口龜山林口龜山甜點站站體育大學長庚醫院華亞科技園區婚禮小物,3,2.475097894668579,1,2.41085147857666
391,🌈七彩繽紛的長裙⭐著上身又靚又開心🌷橡根腰個個啱😊店主推介✅真係超抵🎀個色📐尺寸💰📩落單要快🇰🇷找緊韓國落單的節奏🤦🏽‍♀️隨時停產韓國代購韓國直送韓國衫韓國連線口罩東大門直送東大門不賣淘寶減肥日本代購日本藥妝日本直送,1,2.8424773216247563,2,1.8000903129577637
392,☕手工皂摩卡咖啡手作皂咖啡☕在美好的一天和事物上開始了每一個小幸福的感覺平衡了步調繼續前進分享人羅之希時間日-內容🌟冷製皂分層製作與渲染🌟冷製手工皂的認知工具運用與製作流程講解🌟植物粉與礦物粉的調色介紹🌟基本解說入模脫模與晾皂的操作規程📌每人帶回公斤的皂與公斤的土司皂模📌備註需自備可裝公升的牛奶罐大小的保溫袋跟保溫用的毛巾條有任何問題煩請或私訊👇👇➕前面記得加➕名稱種子洋行須知完成付款恕不退費如無法參加的學員請自行轉讓他人或轉其他聚會需於聚會前日告知喔因空間有限恕無法攜伴與小孩參加種子洋行👈推台中手作台中手作教室手作種子洋行台中手作課程台中國美館手工皂課程咖啡手工皂咖啡手工皂真的好洗冷製皂教學,3,2.724855899810791,1,2.243214607238769
393,生活各自不易各人所求不同各自立場不同勿在別人心中修行自己勿在自己心中強求別人💅🏻凝膠設計💅🏻預約或詢價⬇️⬇️⬇️手足保養全面升級上市日式手足精緻保養健甲光療林口光療林口美甲林口手足保養咬甲矯正崁甲矯正,3,1.6673475503921509,1,3.2489607334136963
394,胖子情人節快樂❤️,1,2.4268007278442383,2,1.3535869121551514
395,喜悅的一天😇,3,1.1264413595199585,2,0.9156597256660458
396,阿拉姆娜孔蒂諾和艾利克斯埃爾南德雙個展-一二公休台北市中正區金山南路段巷號樓免費參觀不管是用紙創作的美學鬥志系列與加勒比海的長廊或是自然的狀態跨領域的人工蜂巢的研究結果和讓我看到藝術的另一個層次看似簡單重疊的幾何構造原來背後有著很多層的研究和觀察這些圍繞著是我們社會裡種種的數據統計關於著公民與物質文化和人與物的關係而我們其實時常忽視著甚至也沒有注意到過但當了解到它每層意義時內心會驚嘆著原來台灣環境是這樣啊很感動能看到這樣的藝術創作也很感謝和對台灣的研究轉化成很美的作品圖台灣貿易關係年台灣進出口貿易比較創作年代材質手工紙漿並以石墨覆蓋圖年台灣與亞洲各國最主要宗教創作年代材質手工紙漿圖自然的狀態警民衝突創作年代材質印刷於棉紙塑膠木材天然蠟蜂蜜自然的狀態朝聖之路創作年代材質印刷於棉紙塑膠木材天然蠟蜂蜜圖加勒比海長廊創作年代材質手工紙漿無酸紙,1,2.283609628677368,2,2.109064102172852
397,已成歷史來到淡水關渡後很照顧我的兩位好同事好室友要離開我回台中了☹️☹️他們倆都很智障跟我很合拍可惡之後上班要無聊了完蛋宿舍整棟只剩下我一個半夜如果有什麼奇怪聲響我沒辦法偷怪誰了也太可怕了吧關渡淡水同事不捨,1,2.5128490924835205,3,2.373019933700561
398,小夥伴旺財🤍🤍以為又要被抓去搭船一臉憂鬱🥺,3,2.0810694694519043,1,1.1773911714553833
399,春夏怎麼能少了繽紛花🌸亮面霧面感覺風格大不同怕高調的仙女不妨試試近年流行的霧面效果也是的美🍒本週四老師和老師要去美容展為仙女進更多現下流行及新色回來為仙女服務啦‼️‼️‼️‼️‼️當天點會回店需要預約的仙女要趕緊搶位🍒本週美甲美睫都剩少數空檔火速約起來🔥🔥🔥🍒清明節連假公休仙女不要跑空啦‼️‼️‼️🍒三老師要去進修為仙女提供更新的服務下午時段都不在要預約的時段不多仙女要快搶位呦美甲師美睫師另徵獨立作業美甲師需帶作品薪資面談🍒仙女要預約記得要先提早天比較能在理想的時段呦☎️預約專線美甲設計樹林美甲美甲教學暈染凝膠創業基礎班美甲控樹林美睫美睫教學一對一美睫嫁接美睫設計新娘美甲柔鑽舒芙蕾光療指甲大理石暈染暈染漸層美甲沙龍手部保養足部深層保養足部光療足部美甲彩睫設計下睫毛角蛋白美睫角蛋白教學徵美甲師,1,2.742610216140747,3,1.6700778007507324
400,‼️新款波浪紋短袖顏色碼數白色黑色🚫如非品質問題貨品一概不退不換🚫原單尾貨可能有小瑕疵但完全不影響穿著完美主義者請勿購買🚫訂貨至工作日早到早寄出順豐到付不接急單🚫因貨源緊張要即時留貨所以只接受付款🌟🌟貨品為外貿出口單，完美主義者切勿購買🌟🌟香港網店韓國代購日本代購清貨清倉特價原單外貿外套運動套裝健身速乾透氣排汗,1,1.600726842880249,3,1.8351203203201287
401,來神農街找璐的爺爺奶奶意外發現旁邊的小巷弄很適合拍照❤️詠鬥嬰雜記,1,2.3326292037963867,3,1.6161582469940186
402,長得比口罩好看就好🤪屈臣氏屈動每個更好請給我五分好評中衛口罩屈臣氏台灣屈臣氏公園店,2,1.6071994304656982,1,1.5395338535308838
403,情人節快樂🎊,1,1.704678297042847,2,1.351803183555603
404,元氣寒活🐼🦓🦁🦊🐨🐮可以更好的還有的是時間⌚就一起繼續走下去吧走到腿很酸很酸心很累很累都沒關係只要有你們就行😘,1,1.8179379701614384,2,1.4313993453979492
405,⭐韓國製🇰🇷四層立體成人淺粉紅色口罩⭐絕對正貨🉐由韓國直接進口一盒個👉🏻獨立包裝👉🏻係同級數嘅防疫口罩靠佢保平安😎有效阻隔病毒細菌市價好貴🙈廠商突發優惠真係抵用好多‼️✨✨✨✨✨✔️獨立包裝✔️四層防護✔️立體舒適✔️鼻位有鐵線調節✔️具韓國安全認證✔️阻隔病毒細菌🏆具安全認證韓國食品及藥物管理局認證級🏆包裝上亦印有醫學外用的字眼為經韓國政府認可專門給醫護人士所使用的🉐有效濾除空氣中達的微細懸浮粒子🉐阻隔飛沫、病毒、細菌傳播感染😷阻擋細小灰塵及微細懸浮物質🉐保護呼吸系統免受污染物及傳染物質侵害🉐立體鎖緊口罩不會令眼鏡易起霧氣🉐舒適環繞下巴設計擴大呼吸空間大大提升透氣度🉐高防護力透氣又舒服🔆口罩是韓國生產制定的標準根據韓國食品藥品管理局官網的數據該標準下的口罩對於直徑的顆粒物過濾率大於👉🏻換言之標準的口罩能夠過濾掉最少的直徑等於的顆粒物🔆因此口罩與、等口罩類似，都是在一個防護等級下的口罩品類，可過濾一般傳染性病毒👍🏻👍🏻尺寸約一盒個獨立包裝建議零售價價截單日期月日到貨日期約月底,4,1.634941577911377,1,0.9468360543251038
406,光✨疫情肆虐全球歷經數多月的預防與心力交戰讓我們漸漸迎接自由呼吸🪐今昔之感暮然回首兩年前的我們也曾以懵懂慌忙憤怒站在體育館內跳舞兩年後以系學會身分接下啦啦原本抱著許多不願意的成分直到某天晚上聊著聊著靈感乍現主題與整首舞蹈架構故事線就此產生同時帶著許多惶恐總覺得用講的很簡單很完美深怕最後呈現的會倍感失望除了自己以前的個人舞第一次編出具有代表性動作的作品謝謝甲的學弟妹們利用僅有的天一同完成這分半的舞碼出乎意料的舞風卻也奮發向上呈現的感人肺腑謝謝飾演病人的孩子們總比其他人多留個小時多學一段每次卡關也給了好多好多意見每晚練習結束都會用水汪汪的大眼睛問我病人是不是要留下來你們真的太可愛太心疼了嗚嗚🥺謝謝太陽後面的星星道具組有你們的付出才使這場演出這麼完美且順利謝謝檯面上地下系學會以及同居女人們沒日沒夜的煩惱東煩惱西共同解決許多服裝道具等問題彼此心意如此靠近會創造奇蹟想必因為這波疫情大家都感同身受有著環環相扣的情感才能創造出這分半的奇蹟無論結果我們都一起為將來會被寫入歷史的時事用舞蹈呈現留在實踐大學的舞台上也烙印在彼此心裡成為永遠😁😁😁謝謝舞蹈創意拉拉光,3,2.3608996868133545,1,2.4279754161834717
407,人生第一次健檢😗覺得今年給自己的生日禮物超棒的🥺健康檢查一切順利🙏🏻沒來檢查都不知道自己身體最缺的是鐵跟🦦還有眼睛有點乾螢幕看太久😱好險除了有點變胖之外🌝只需要飲食均衡生活規律增加運動多喝水跟補充足夠的營養素即可😗年來也上了不少營養預防醫學課在衛教的時候都聽得懂覺得很開心以前學到的知識專業體檢後的建議更知道要怎麼調整食物跟營養素的攝取🍴醫生說我的身體年齡比真實年齡大了一歲🤪希望接下來一年的調整可以返老還童到以下💪🏻💪🏻💪🏻美兆推推健檢環境很乾淨服務很貼心專業,3,1.8129581212997443,1,2.153893232345581
408,🧩🥁家裡除了鋼琴房最喜歡待的地方🎗️📸：👦🏻玩具間🤹‍♂️我在找童年🐣要跟我玩嗎最喜歡亂貼貼紙🏵️,3,1.7244998216629028,2,1.2294093370437622
409,有寶貝真好❤️,1,2.606832504272461,2,1.0967251062393188
410,渣渣又開唱我愛中華了🎤🎵渣渣如果跟朋友去唱卡拉一定是那種一拿到麥克風就會死都不肯放下的損友大家有發現他在對著絲巾唱歌嗎一臉認真但不是情歌王子是軍歌王子🤴,1,2.1502511501312256,3,1.7975616455078125
411,分鴿血紅寶石鑽石金頸鏈有優惠💎主石💍典雅復古珠邊設計古董首飾般的質感🎀自家工場可代鑲珠寶首飾✔️急單請備註✔️可轉數快支付寶✔️可面交驗貨✔️順豐包郵📦藝術頸鏈訂製紅寶石復古紅寶珠寶古典寶石香港項鏈宮廷風收藏鑽石藍寶石無燒戒指生日禮物女朋友耳環藍寶石耳環,3,1.3742451667785645,1,2.28501033782959
412,🧧🧧🧧過年送禮佳品🧧🧧🧧🇦🇺澳洲純正蜂皇乳軟膠囊毫克粒✨✨新包裝✨✨蜂皇漿又被稱為液體營養黃金富含了多種有益成分和物質蜂王漿中的球蛋白🌸🌸種氨基酸維生素可提高人體免疫力它獨有成分王漿酸實驗證明更具抗輻射抑制和殺傷癌細胞作用👉🏻女人吃蜂王漿美容養顏祛斑祛皺滋潤皮膚有利於更年期障礙症抗菌消炎抗氧化👉🏻男人吃蜂王漿保肝護肝促進肝細胞再生防止肝硬化有利於慢性前列腺炎症👉🏻中老年人吃蜂王漿延年益壽心血管病效果顯著改善風濕症和關節症狀使人體衰老組織活化🔸補充多種人體所需要的維他命提高人體抵抗力及免疫功能🔹刺激膠原蛋白的分泌減少黑斑雀斑養顔美容使肌膚柔嫩淨白彈性有光澤🔸促進組織再生功能活化人體間腦細胞挺緩老化並可減少更年期障礙發生🔹治療貧血調節內分泌明顯改善睡眠🔸防止動脈粥樣硬化降低血脂血膽固醇並對冠心病也有預防作用🔹具有明顯的抑制大腸杆菌金黃色葡萄球菌變形茅胞杆菌等生長的消炎抗菌作用🔸預防癌症及抗腫瘤明顯改善睡眠同時也能使機體各機能維持平衡狀態🔹蜂皇漿中含有少量胰島素樣類成份可降低血糖✅有排毒及淨化作用✅促進血液循環增強新陳代謝✅強化身體內部機能✅增強扺抗力免疫力✅能調節內分泌平衡荷爾蒙✅消除疲勞具安眠功效✅強化視覺神經和抵抗力✅減低患癌機會✅平衡頭皮油脂分泌✅降血脂及降膽固醇✅調節血糖✅保護肝臟✅治療更年期綜合症不宜喝蜂皇漿的人群⚠️過敏體質者哮喘患者⚠️長期患低血壓與低血糖者⚠️腸道功能紊亂及腹瀉者⚠️手術初期及孕婦⚠️凡肝陽亢盛及濕熱阻滯者⚠️歲以下兒童🔹服用方法🔹每日一次每次一粒隨餐服用澳洲代購澳洲直送代購蜂皇乳蜂皇漿唔知道筍貨開售⁉️成日錯過超級限定價⁉️記得開直播及影片通知先可以及時收到我哋即時優惠同筍價呀‼️‼️‼️👇🏻👇🏻👇🏻開直播及影片通知既教學澳紐記❤️🧡💛💚💙💜❤️🧡💛💚💙💜🔆全新送貨提貨方式如下✅順豐到付全部默認運費到付🏻包括順豐站順豐服務中心順便智能櫃地址🏻順豐送貨上門🔎順豐智能櫃✅中通到付全部默認運費到付🏻包括中通官方自取站🏻中通送貨上門🔎中通取件點✅淘大門市自提澳紐記牛頭角淘大商場二期二樓號鋪澳紐記🏡淘大店九龍灣淘大商場二期二樓號鋪臨近實惠⏰營業時間星期一到五-週末公眾假期-營業時間若有改變我哋會提早公佈😘😘😘☎️電話我哋每日都會係各大平台產品資訊😘記得我哋呀🙆🙆🙆📲💜歡迎查詢落單批發,1,2.89622449874878,2,1.402428150177002
413,很多慕名而去的網美餐廳都是很好拍照但是東西卻普普通通但這家是我跟男友覺得食物好吃咖啡也好喝😻值得再二訪的店家💕法式手工緹花娃娃衣官網開賣囉快推購物車上逛逛去🛒慕尼灰咖啡台中美食台中早午餐台中咖啡廳韓國服飾台中景點網美餐廳打卡熱點網美聖地,1,2.352834939956665,2,2.4685189723968506
414,大大方方是友情小心翼翼是愛情🧜‍♂️,3,1.2612572908401491,2,1.1555408239364624
415,明天😝😝😝,1,2.403531312942505,2,0.9727151989936828
416,我笑起來是不是很怪❤️,1,2.444138288497925,2,1.4050153493881226
417,好玩好玩我喜歡在演出認識的你們每一個都很有趣🤪🤪🤪,1,1.7721921205520632,2,1.413591980934143
418,是成年禮耶謝謝美三二雖然有時候覺得這個班真的靠北但還是謝謝尤其是幾個對我意義重大的人🥰來到這個班能遇到你們,1,1.91662073135376,2,1.0281487703323364
419,愛閃耀熱不熱銷看寶寶的補貨速度就知道上禮拜才補貨呀👏👏👏愛閃耀事業斜槓收入小資族創業全職媽媽兼職自用代理優惠創造自己的價值與美麗愛閃耀樂萱幸福團隊💕,1,2.8704407215118413,3,2.84832501411438
420,睡前的謎樣生物👀,1,1.2885181903839111,2,1.202539324760437
421,謝謝親愛的老陳送的情人節禮物🎁❤️哈哈😄老陳：要就快說！情人節過了就沒了🤤白色情人節,1,2.712270736694336,2,1.5830986499786377
422,👇玩穿搭的時候感覺跟從前上美術課玩拼貼畫差不多很多不同的元素怎麼樣才能表達出你想像中的樣子不同的服飾所帶來的效果部分取決於社會背景制服是個很好的例子但同時也受配色比例等影響有時候在挑選古著時我想要的是重現歷史場景但絕大多數的時候我是想要把過去的美感與質感重新調配看看能不能透過新的排列方式搭配出不同的可能有如許多嗜好穿搭讓人想蒐集很多的材料總是缺一件的概念覺得只有這樣才能盡情發揮但是不論是美術還是音樂還是舞蹈有些限制反而容易激起靈感我個人的限制主要是為了環境考量不想因為我的虛榮心而造成污染因此只買二手衣物飾品內衣襪子鞋等逼不得已的品項除外隨著手機越發達買賣二手衣也變得越來越方便宜我已經不記得上次從店面買新衣是什麼時候的事了今天穿搭都是古著與二手小背心的刺繡很精彩是二手交易網站購入裙子有個故事我幫朋友搬家他為了感謝我特地開車帶我去逛一個他熟識的舊貨店購入後我自己縫上了跳蚤市場買到的三個古董鈕扣古著包包是在美國與朋友喝咖啡的時候看到一群年紀比較大的男性友人完全沒有要陪我看服飾店的意願我趁他們在等飲料時偷偷溜走把它買起來😂每次看到這些衣服飾品都讓我感到開心說錢買不到快樂的人是否應該買古著試試看古著古著女子古著穿搭復古復古造型復古穿搭穿搭二手二手時尚永續時尚,3,2.578172206878662,1,2.50462293624878
423,冷了三天明天終於要回暖了💕接下來就是連假了出去玩就是要穿的美美的呀😆還有之前缺貨的已追加回來囉趕快趁回暖這幾天來逛逛唷💗🍌衣服尺寸價格細節請私訊🍌👉🏻提供郵寄服務👌🈺門市營業時間週一週日-🏠地址新北市樹林區大義路號一樓💁🏻‍♀️官方👉🏻📌我們的👉🏻,1,2.681331157684326,3,2.7311041355133057
424,🎉新品🎉費林用膩石中劍的朋友千萬別錯過🎊味道更香體型更輕巧🎊小煙‼️內置耐用的集成電容量‼️段可變電壓加熱‼️更大油倉容量高達‼️度氣流調節裝置‼️快速充電網路購買📎費林小煙石中劍新品咖哩棒輕巧蘆洲店環堤大道永安大橋霏霧士林店士林夜市安平街口店面試用五股八里淡水天母中和新莊泰山,3,2.673739194869995,1,2.9296679496765137
425,不不不我不是阿姨我只是有兩個孩子的小姐姐😏婦女節快樂🎉婦女節台灣台南,1,1.915923953056336,2,1.3673996925354004
426,🌟銀行中心觀塘門市現貨🌟人氣熱賣🔥🔥🔥🔥大量有興趣快啲上黎選購啦😍😍👇🏻👇🏻查詢👇🏻👇🏻旺角銀行中心店觀塘駱駝漆店👆🏻👆🏻👆🏻👆🏻👆🏻👆🏻👆🏻👆🏻👆🏻👆🏻👆🏻👆🏻❣️❣️❣️📍旺角彌敦道銀行中心樓花園餐廳對面📍觀塘取貨點觀塘駱駝漆二座樓每日營業時間🔸🔹🔸🔹🔸🔹🔸🔹🔸🔹如有任何爭議會保留最終決定權觀塘駱駝漆座樓旺角銀行中心樓旺角廣華街仁安商場號地鋪玩具大面積玩具店激荀優惠積木景品紅白機❣️❣️❣️,3,1.87673568725586,1,1.8058767318725584
427,⬇️新家地址⬇️台北市中山區林森北路號樓新家特色✅環境舒適✅交通便利近捷運公車站✅周圍有停車場🥳舊客已預約滿，新客從預約🤗💓請大家多多捧場手刀預約起來🔔預約奇霓嬡➡️奇霓嬡奇霓嬡著迷時尚奢華坊,1,1.258204460144043,3,1.4443902969360352
428,脫毛小知識👆🏻陷阱你要知‼️‼️🌟二人同行「-全身終身任脫」全身全面👙🙆🏻‍♀️❤️‼️🌟✅全球真正激光脫毛科技全身脫毛✅原廠正行足料冷凍✅官方授權中心—原廠專業培訓之認可治療師-‼️✅專為亞洲人皮膚而設‼️‼️擁有最強嘅追蹤黑色素功能只需次已可清除毛髮😍💯‼️🔍全身脱毛「一折」‼️‼️‼️🏆全球真正永久全身脫毛🏆👩🏻‍⚕️市場上好多任脫，但真係可以「任脫」？😗我地九年啦‼️送比大家‼️頭位再送一次醫學護理原價‼️靚機全身任脫任何部位‼️仲要包你任何部位終生保養👩🏻‍⚕️‼️你無睇錯係任何部位♥️無限時段，無限部位‼️✅全球真正激光脫毛科技全身脫毛✅真正認證原廠靚機✅效果滿意✅真正永久保養✅無附加費✅超過十萬位用家實證👏🏻🙆🏻‍♀️❤️採用原廠正貨激光脫毛儀器真正絕對靚機全球激光脫毛科技治療師已獲激光操作資格認可🔥🙆🏻‍♀️❤️環境舒適多個房間減少等候時間一對一治療師唔會或者話你脫唔到叫你加錢做其他♥️♥️全場醫療級淨化系列，等你脫得舒適又放心👩🏻‍⚕️‼️🤣小編作為一個守舊慳家派，脫完之後好後悔無早如果只想脫特定部位的客人，可以我查詢詳情🔍👀名額限制，報名優先‼️感謝大家支持➕耐心等待❤️❤️繼續接受️⃣月份預約中🙌🏻位置好快只有少量了🌟🌟要來的趕緊預約留位了❗❗每天預約都是🈵🈵‼️記得提早至少幾天預約🙏🏻🙏🏻以便安排理想時間給大家🥰❤️官方諮詢➕預約查詢專線🔥📲新鋪地址旺角恆生旺角大廈樓旺角地鐵站出口左轉秒恆生銀行樓上微整溶脂隆鼻埋線透明質酸水光針溶脂針微笑嘴打下巴整容醫學美容熊貓針黑眼圈少女針肉毒柑橘妹妹瘦神奇吊線減肥美肌面膜黑眼圈針美白針脱毛療程,1,2.7036869525909424,4,1.5498411655426023
429,羅馬不是一天造成的就像失望不是一次就爆發台中景點心之芳庭願有情人終成眷屬❤️,1,2.4353597164154053,2,1.1902797222137451
430,優惠款原價約款式不可增加如覺得太複雜可減少建議指定原美甲師風格相同但技法使用的不同施作成品多少會有差異🔔月已開放預約💁🏻‍♀️預約請至主頁網址店內禁止飲食只能喝水需全程配戴口罩爪實驗室東區美甲美甲凝膠光療光療指甲台北美甲,1,1.870654821395874,4,0.5268577337265015
431,如果你細細品嚐生活會發現原來你也是獨一無二的珍貴🥰上衣,1,1.505297064781189,2,1.5271118879318235
432,小妃姊姊的📷作品還特別調色過的💗💗💗果然常常被姊夫訓練有差😂今天穿什麼芊言萬瑀小白兔🐰兔爸穿搭兔寶蹦蹦跳台北兔寶小網美兔寶愛公園,3,2.035131454467773,1,2.1611390113830566
433,最美的事🌹🌹與你牽手與你漫步與你一起的甜甜笑我們每天都有營業💖👗📷💄👔為維護試穿服務品質請來電☎️』或『訊息✉️詢問可預約時段將會有小兔子們幫你們做時段的安排請務必一定要記得趕緊預約預約兔子威廉英式西服營業時間預約制聯繫方式門市地址高雄市苓雅區金門街號愛德華攝影工作室造型珠寶盒貝兒傅個人粉專兔子威廉英式西服高雄西裝高雄西服推薦高雄西裝推薦高雄西裝出租高雄租西裝高雄西裝訂製高雄西裝訂做西裝訂做推薦訂做西裝推薦西裝租借新郎西裝租借西裝訂製結婚西裝訂做伴郎穿搭伴郎西裝租借英式西裝宴客西裝訂婚西裝訂婚結婚西裝訂婚頭尾禮,1,2.042013645172119,3,2.4873735904693604
434,吐槽熊無線叉電座💲️⃣️⃣️⃣有興趣可😍可順豐到付倒晒錢落海系列冒險樂園夾公仔布魯克索柏和之國鬼滅刃對自己吐槽的白熊景品角落生物差電無線叉電,1,2.861602067947388,2,1.6647595167160034
435,日本直送刺繡手工包預訂貨品落單過數後日返貨如有興趣可📮查詢或落單📦順豐到付📮買家需承受郵寄風險💳落單後日內過數如未能成功代購會全數退款🙅🏻貨物出門不設退換代購日本代購日本雜貨日本直送美化家居日本家品刺繡刺繡手工包刺繡包花,4,1.1963441371917725,1,1.0111472606658936
436,好喜歡這裡的一切包括你👩‍❤️‍👨👩‍❤️‍👨,1,2.750404357910156,3,1.8995206356048584
437,星際👽🪐美麗又貼心的小語生日快樂🎂🎊,1,2.4923884868621826,3,2.5068416595458984
438,是好看的我😀,1,1.2177540063858032,2,1.2779988050460815
439,一直想找一個好看又實用的後背包來自瑞典的滿足了我的需求🥺這次選擇系列簡約又時尚容量大又很輕巧真的深得我心💗💗重點是防水的材質讓整體質感滿分呀男友也超愛就找他當我的模特了😝😝還有推出很多款後背包非常推薦可以到官網選購喲📣輸入我的優惠碼享有折優惠✈️全球免運天內免費退換💬迎接春天即日起至購買任一背包即送黑色卡夾🌍北歐瑞典品牌後背包苗栗火炎山火炎山大峽谷苗栗景點,3,1.6828523874282837,1,2.1310620307922363
440,褲款😍😍,3,2.4709415435791016,2,1.3621429204940796
441,🍁韓國新品🍂預訂中📣🏰🥁韓國帽🧢基礎款🇰🇷➡️🔎中午’截單📦韓國直送✈️預計-天到貨📦❕⚠️尺寸均由人手量度，可能有-出入⚠️❕▫️▫️▫️▫️▫️▫️▫️▫️▫️▫️▫️▫️▫️▫️▫️💖歡迎我地查詢貨品資料及落單或留貨💜電話☎️🎈歡迎到門市落單及查詢🧸觀塘門市🛒觀塘駿業里號業運工業大廈樓室🛍️▫️▫️▫️▫️▫️▫️▫️▫️▫️▫️▫️▫️▫️▫️▫️貨品目錄▫️▫️▫️▫️▫️▫️▫️▫️▫️▫️▫️▫️▫️▫️▫️💁🏻‍♀️我地係日本精品日本代購日本連線韓國代購💁🏻‍♀️我地專營日本時裝半截裙容易配襯大碼寬鬆版寬鬆懶人配搭韓國製韓國飾物帽帽帽,1,1.3002692461013794,2,1.2677425146102903
442,🤍🤍🤍一些衣裳的小紀錄,3,1.8678836822509768,2,1.444469928741455
443,代購台灣系列💕托特手提袋不挑款💕擴香石收納罐不挑款💕香皂公仔鎖匙扣不挑款💕輕量保温瓶可選💕抱枕保暖毯可選💕掛鐘💕隨行包💕夜燈可選💕暖燭燈附香氛燭💕證件套不挑款🌟歡迎查詢🌟可按葆葆媳婦代購查看更多代購商品喔✈️台灣直送香港✈️運費順豐到付✈️付款後直接採購如遇上缺貨全數退回台灣代購零食代購零食代購台灣直送台灣手信葆葆媳婦代購蝦皮代購樂天代購露天代購代購台灣伴手禮台灣美食貓代購台灣台灣代購雙子星美樂蒂三麗鷗,3,2.484770536422729,1,2.7485408782958984
444,❤️🧡💛光面雲石系列💙🖤💜勁多雲石款式選擇🥳🥳後面包裝附送‼️電話座可以坐枱煲劇現貨發售💃🏻另外仲適合任何手機型號訂做📲📲小米紅米等等不一定要出街攞貨在家都可以收到貨👍🏻👍🏻免費包本地平郵順豐到付門市自取查詢📞📞✔️包本地平郵✔️順豐站內✔️順豐上門工商地址💕💕門市地址🏠🏠葵涌廣場樓近葵芳邨天橋扶手電梯門市地址🏠🏠葵涌廣場樓近葵芳邨天橋扶手電梯葵涌廣場葵廣手機配件原裝行貨雲石款卡通手機殼手機殼,3,2.22684645652771,2,2.4733498096466064
445,花見重🌸有馬温泉忘却,3,1.6538231372833252,1,1.7236671447753906
446,皮革手作系列▪️▪️🎁,3,2.179656744003296,2,1.3467342853546145
447,日本新貨橡筋頭飾落單或查詢📨訂貨時間確定入數後約到貨取貨方法📦順豐到付📮郵寄郵費自付如遇缺貨情況會全數退還訂單一經確定不能取消代購迪士尼代購日本迪士尼迪士尼復活節系列,4,1.1723352670669556,1,0.7818071246147156
448,白幽靈柱售價店主幽靈山有彩虹底平可企📲🔹✅直接留言白幽靈水晶對常被他人甚至自己質疑的愛鑽牛角尖的喜歡沉迷幻想分不清現實的人都有自心靈深處作改變消除內心負面情緒使人身心皆悅對於很多不能忘懷事和人都有著慢慢淡忘的功能使你得到釋懷安撫受傷的心靈平靜內心情緒還能給人帶來好的睡眠質量使人每天精神倍爽而且也有借用宇宙白光來清除身體的黑氣以及所謂的業力抵擋外來不良磁場清除負面能量恢復光明純凈如需要其他水晶產品報價歡迎聯絡我們天然水晶白幽靈,2,1.6577118635177612,1,1.8106849193573
449,明天是一個非常重要的日子祈禱一切順利有很正面的結果🙏🏻💕,1,2.5126211643218994,2,1.0319986343383791
450,這陣子真的收穫滿滿❤️，明天車輛🚗預約🈵整理車輛煩請大家提前兩天預約謝謝你們🙏,1,2.3755476474761963,3,1.9390873908996584
451,認識的第一年🤣,1,1.2878953218460083,3,1.40618097782135
452,臺東市東部海岸富岡地質公園小野柳風景區看圖說故事女兒說把拔都不笑有啦只是沒笑很開而已她在教把拔笑🤣🤣孩子的童話故事台東景點,1,1.9004132747650144,2,1.8016376495361328
453,康艾新品期間限定花椒🌶️艾草足浴包加強袪濕去水腫功效驅寒啱晒而家天氣用🌶️🌶️🌶️🌶️🌶️🌶️天氣凍浸完腳訓又暖又舒服🌿🌾🥀🌱🛀🏼🛁足浴減肥又健康浸完夜晚好好訓做女人要對自己好💪原來明星張嘉倪都有用．不到一周瘦左斤😍💖以下人士一定要用👇🏻準備懷孕水腫肥胖失眠睡眠質素差宫寒濕氣重長期感到疲倦🙋🏻‍♀️每天浸至分鐘有很好的瘦身效果大家不妨試一下🤤原來明星張嘉倪都有用不到一周瘦左斤主要成分艾草葉老姜花椒益母草每天浸腳好處多到寫唔晒✅消除腳臭✅祛風散寒祛風濕排毒✅強身健身延年益壽✅防治神經衰弱和失眠✅防治高血壓✅防治風溼關節炎✅防治腿腳麻木✅防治糖尿病✅防治感冒祛寒暖身✅美容減肥✅防治腦溢血和腦血栓✅消除疲勞使人感到身心愉快注意事項泡腳一次一包泡澡次包孕婦生理期不要用有傷口暫不要用♥️足浴養生浸腳減肥,1,2.8692872524261475,3,2.546894073486328
454,迪士尼復活節米奇米妮娃娃超可愛兔子裝扮而且價格甜到嚇死你每年復活節都熱賣的兔子裝款今年當然也不能錯💥款式米妮米奇💥尺寸全長約坐姿高約訂購請洽官方客服👩🏻‍💻或小盒子詢問💲📨小盒子購買出貨方式貨到付款店到店郵寄台南取貨迪士尼米妮米奇復活節兔子娃娃公仔日本代購日本連線日本公仔日本擺飾日本精品雜貨日本雜貨公仔日本雜貨玩具日本迪士尼代購代購日本代購安平創意小物精品👩🏻‍💻📍台南市安平區華平路號📞,1,1.3716318607330322,2,1.3897981643676758
455,設計款酒紅暈染凝膠皆包含基礎保養建甲加厚卸甲另計▪️月公休▪️採預約制▪️預約時間保留分鐘如需更改預約請小時前告知▪️要施作設計款請事先提供圖片才能保留足夠時間及報價芮菈美甲美甲手足保養凝膠凝膠指甲光療光療指甲近捷運站貓眼美甲手部足部石牌石牌美甲北投區北投天母明德芝山士林美甲設計美甲彩繪美甲工作室美甲店美甲,3,1.4319998025894165,4,1.2309818267822266
456,全台灣變裝皇后們🤩誠心祝福🎉🎉我們至尊帥的🎂🥂💡💡溫馨提示 小心笑到肚子痛😂有無好輪感動呢不要偷偷在哭著唱零時十分喔🥂🤣你不在有點不習慣家裡沒男人換燈泡修水龍頭快輪啲回來了我撐不下了大一歲了一切會順你心意發生要開心💓💗💓💗,1,2.9753389358520512,3,1.7553130388259888
457,金運石🔘只有埃及出產被譽為幸運之石極度吸財吸金💰💰💵💰💵能量強大⚡辟邪劏剎化太歲趕走黑運衰仔絕對係必備水晶黑體上有一度金銀色的光或帶貓眼或成十字星光好型好靚相比於大部份出產表面光滑少天然裂紋整批高質👍🏻⏹️⏹️⏹️⏹️🦾請積極多謝大家查詢可於🏷️相片下留言或📥💬📲或最好俾埋👇🏻最後有寫相俾我，會覆得快好多🚀📕更多款式💡每條水晶經仔細挑選而穿成但天然晶石難免會有紋理棉絮冰裂礦缺黑點共生礦不平整等屬於正常情況可接受才購買💡拍攝燈光自然光與不同顯示屏或會有色差金運石,1,2.1686062812805176,2,0.7490032911300659
458,🤦‍♂️初階菜鳥📷單眼相機📷攝影日常,3,2.331566333770752,1,1.925549983978272
459,設計師子千✨女生燙髮✨預約請留姓名電話項目日期時間地址台北市大安區敦化南路一段巷號電話燙韓式氣墊燙韓式燙髮女生髮型女生長髮燙髮燙髮推薦女生燙髮日系燙髮日系髮型韓系燙髮韓系髮型韓式氣墊燙剪髮台北剪髮東區剪髮剪髮推薦女生剪髮染髮台北染髮染髮推薦東區染髮女生染髮台北美髮東區美髮忠孝敦化美髮台北燙髮東區燙髮忠孝敦化燙髮,1,1.838964343070984,3,1.7591456174850464
460,僅開通️⃣天‼️極美綠色好仙好仙📱綠📌漂亮無傷📌保固📌電池健康度📌附玻璃貼手機殼🉑分期專案價️⃣️⃣️⃣️⃣元🉑搭配月租專案價️⃣️⃣️⃣️⃣元🉑舊機貼換線上詢問🔜,3,1.1424843072891235,1,2.8645622730255127
461,沒事出門走走😁😁😁,1,2.634082078933716,2,0.6694496273994446
462,是早知道有這一天但聽你親口說要去當兵心中還是忍不住的眼淚🥲你不想要氣氛很僵所以努力逗笑了謝謝你因為有你一切很幸福😍世界上最好的人就是邊伯賢會一直等你回來認真生活的要健康平安哦♥️真的很愛你謝謝你,1,1.7292228937149048,2,2.074176073074341
463,🇹🇼台灣代購截單🇹🇼🌟全馬最低價🌟喬伊菱格胸後背包凡購買個包包可獲得現金回扣全馬包郵授權認證代購🔥🔥新品上市🔥🔥歡迎詢問,1,2.460772752761841,2,1.5776289701461792
464,好吃但等了四十分鐘😆,1,1.3798961639404297,2,1.2422561645507812
465,為了免費鮭魚改名也未免太窮酸了吧🧏‍♂️怎麼沒有遠雄、興富發、陶朱隱園、香奈兒、愛馬仕、勞力士、保時捷改名活動啊～生死簿減壽都願意耶🙋‍♂️,1,1.7136406898498535,2,1.5846292972564695
466,征戰成功公里🚴‍♀️,1,1.7485988140106201,2,0.9643601775169371
467,籲請加速完成專技國考新增室內設計技師類科🚴🏻‍♂️自行車環島連署活動🚴🏻‍♀️全紀錄台北市➡️三峽➡️大溪➡️新埔➡️新竹📍今日是環島連署活動倒數第二天🗓️我們也準備往回程目標持續邁進👣繼續我們的連署任務💪🏻我們依序與新北市公會桃園市公會台灣室內設計裝飾協會新竹縣公會新竹市公會等各單位連署會合🤝也感謝各單位提供當地小吃及補給品😋其中在桃園的會合點中原大學🏫是全台第一所設有室內設計系的大學👨🏻‍🎓在爭取技師國考上具有其歷史意義📜連署現場中原大學健行科大萬能科大南亞技術學院等師生超過一百人到場支持全力支持我們的連署任務👍🏻我們憑實力和毅力即將結束環台旅程🤘🏻繼續熱血迎向最後一天🔥🔥🔥👏🏻感謝一起參與連署活動的各單位👏🏻相信有您們的支持讓室內設計產業未來能創造更大的輝煌🌈🏢連署單位新北市室內設計裝修商業同業公會桃園市室內設計裝修商業同業公會新竹縣室內設計裝修商業同業公會新竹市室內設計裝修商業同業公會台灣室內設計裝飾協會🏫連署學校宏國德霖科技大學東南科技大學華夏科技大學中原大學南亞技術學院健行科技大學萬能科技大學👮🏻‍♂️連署地方長官新北市江永昌立法委員新竹縣楊文科縣長林為洲立法委員辦公室黃研溱主任林增堂議員商業會胡源和理事長竹北市戴佩如市民代表📥回收連署書新北市公會份增加中桃園市公會份新竹縣公會份新竹市公會份台灣設計菁英協會份輔仁大學份宏國德霖科技大學份東南科技大學份華夏科技大學份萬能科技大學份健行科技大學份中原大學份南亞技術學院份中國科技大學新竹份本日共計份室設鐵環團自行車環島全程約九天八夜,3,1.182773232460022,1,2.4956233501434326
468,打到笑場狂撿樹葉🍂流汗到素顏💦壞花朵🌹,1,1.6072161197662354,2,1.4040961265563965
469,無意提起過往我從他眼神裡看到不是生氣是不捨與說不出的疼他看了我好久想到那幕隨時掉淚吧🤣🤣🤣從沒想過一個硬邦邦兇汗粗魯的女兒內心情感那麼兩光於是他已經對我好聲好氣三天我遲到還請我吃玉米😂😂😂放心老爸現在我好好的❤️,1,2.419468641281128,2,1.6012438535690308
470,🇰🇷💋💋所有靚衫靚褲全部韓國貨🇰🇷🇰🇷🗣️訂單確認後一般個工作天可安排寄出不包郵費🗣️必須先入貨款作實訂單🗣️如遇缺貨均會退回貨款🗣️實物與圖片或因攝影問題有少許色差，完美主意者需注意⚠️韓國新款韓國直送秋冬穿搭女生東大門批發東大門代購韓國連線韓國代購韓系女生韓系穿搭碎花衫上班穿搭淨色春夏穿搭露膊衫一字膊裇衫韓國針織衫短袖衫,1,0.4433225989341736,4,0.9467319250106812
471,烘爐地拜拜😊😊😊,1,1.308335542678833,2,1.0845272541046145
472,與創設的回憶❤️,1,2.337657928466797,2,1.204976201057434
473,後滑有影片❤️霧眉住家工作室預約台中霧眉,3,2.278409004211426,1,1.7009376287460327
474,獨慧具眼晶水幸運星🌟超聚強財版阿贊仁👀獨‮慧具‬眼👀幸運星🌟閃‮發閃‬光🌟招‮萬財‬貫💰💰👉此幸‮星運‬師傅‮古用‬法聖‮泡油‬制，☝️師傅‮幸的‬運星法‮是門‬毋庸‮疑置‬的❗阿贊仁‮傳師‬龍‮碧婆‬納，當‮阿代‬贊中‮沒還‬有‮可人‬以擁有‮贊阿‬仁這‮獨種‬家‮法的‬門😂師傅‮每的‬個幸運‮入星‬料都及‮考其‬究❗用天‮水然‬晶做成星‮模星‬樣🌟在用師‮加傅‬持幸運星‮年幾‬的紅‮穿繩‬引📿加入聚‮納財‬福符管❗真‮的正‬天然水‮等晶‬增‮靈加‬氣與靈性❗定‮版制‬經文‮殼外‬與‮運幸‬星‮互相‬輝映，輔佐相成👍👍👍佩‮此戴‬幸‮星運‬能夠帶‮你給‬很大‮智的‬慧，開啓你‮慧的‬眼👁️讓你‮別鑒‬清楚‮邊身‬的人和事✍️能‮有夠‬效‮免避‬渣男、小人、和騙局‼️任‮事何‬情‮不逃‬過你的法眼❗它‮帶會‬給你犀利‮感的‬覺去暗示你❗還‮以可‬為你納‮無財‬數，為你招‮許攬‬多的好人緣、異性緣、求‮可願‬招桃花、貴人運🔆納‮方八‬福🔆好運‮都氣‬給你‼️🖤希望與你結緣🙏🏻❤️小店不議價❌佛系👱🏻‍♀️店主🖤如有問題歡迎隨時查詢💌💙📞⌨️🖤📲挽回減肥和合快錢泰國佛牌愛情代理化妝品情趣內衣香水泰國代購美甲二手名牌賺錢古着美白人緣名牌代購韓國時裝復合古曼童愛情占卜占星術財運飾物水晶手鏈姻緣小人,1,3.0711264610290527,3,2.350118398666382
475,這顆的顏色美哭我🤤💖彩虹拉長石拉長石原礦拉長石花錢魔女🔯,3,1.822782278060913,2,1.5907703638076782
476,🧚🏻‍♂️號開放預約現在時間表時間都在預約系統裡再麻煩大家囉🤟🏻🤟🏻✨預約系統新上線✨為了讓你們快速完成✅預約請點以下網址加入會員即可進行預約能約的時間都在裡面❤️當日預約網路不受理如真的需要當日預約請加詢問是否有時段唷😘✔️純卸甲請直接私訊詢問時段🎉增加付費方式讓寶貝們付款更方便些☺️美甲美甲美睫美甲設計手足保養護膚臉部保養美睫嫁接,1,2.213444709777832,3,2.339381217956543
477,🇰🇷韓國直送🇰🇷👍🏼記得我地個專頁就可以包平郵📮🙌🏻仲有其他款歡迎查詢歡迎查詢🙇🏼☎️💬📩👍🏻🏳️‍🌈耳環代購耳環飾物耳飾韓國頭飾,1,1.9577109813690183,2,1.6913414001464844
478,楓木林有新制服了喔😆😆全新制服服務大家😍😍北車影印店台北車站影印店影印印刷活版印刷彩印輸出海報名片名片印刷文宣貼紙手幅彌月明信片菜單裝訂貼紙印刷卡片印刷明信片印刷專業🤎服務🤎品質🤎效率🤎歡迎加入我們的🤎我們會一對一服務喔🤎楓木林影印設計印刷🤎聯絡電話🤎營業時間：星期一-星期六-🤎地址台北市中正區武昌街一段一號地下室🤎聯絡,2,1.5259752273559568,1,1.5698357820510864
479,清澈的河流❤️尖石鄉老鷹溪瀑布,1,2.2793169021606445,2,1.3498035669326782
480,店長燙髮篇其實我們店長還是有在燙頭髮的只是平常染頭髮真的太多了😂趕快🈯原崎造型沙龍變美美❤️📱染髮新店新店髮廊大坪林髮廊新店染髮大坪林染髮染髮推薦燙髮染髮手刷染新店景點歐美線條染光線染美容師美容院歐美光線染作品撮歐美手刷染特殊色漸層染新店京喚羽京喚羽護髮,3,2.5800797939300537,1,1.9640233516693115
481,🌎日本環球影城開團啦💗🔺週年限定杯🌟💕🥸截單日預計月中到貨😋落單可直接落站直接落單▫️▫️▫️▫️▫️▫️▫️▫️▫️▫️▫️▫️▫️取貨門市地址荃灣門市地址荃灣大河道地皇廣場樓号舖地鐵岀口行分鐘營業時間--觀塘門市地址觀塘駿業里號業運工業大廈樓室取貨時間旺角格仔地址旺角兆萬中心地庫號舖落扶手電梯到地下層直入走廊尾左手面取貨時間星期一至五-星期六至日-▫️▫️▫️▫️▫️▫️▫️▫️▫️▫️▫️▫️▫️💁🏻‍♀️我地係日本精品日本代購日本連線💁🏻‍♀️我地專營日本環球影城日本環球影城代購代購代購🧸商品公仔精品芝麻街▫️▫️▫️▫️▫️▫️▫️▫️▫️▫️▫️▫️▫️,3,1.1979488134384155,1,0.8852621912956238
482,特地來拍櫻花🌸結果全部凋謝只能拍拍黃花風鈴木建議來之前可先打電話詢問🥺📷,1,2.663313150405884,3,2.6425747871398926
483,韓國直送元朗屯門韓國女裝覺得令請給一個讚😘🙏🏻,1,1.4166510105133057,2,1.4781455993652344
